index,disease_name,description,Possible Steps,image_url
0,ஆப்பிள் : ஸ்கேப், "ஆப்பிள் ஸ்கேப் என்பது மினசோட்டாவில் உள்ள ஆப்பிள் மற்றும் நண்டு மரங்களில் மிகவும் பொதுவான நோயாகும். ஸ்கேப் ஒரு பூஞ்சையால் ஏற்படுகிறது, இது இலைகள் மற்றும் பழங்கள் இரண்டையும் பாதிக்கிறது. ஸ்கேபி பழங்கள் பெரும்பாலும் சாப்பிடத் தகுதியற்றவை. பாதிக்கப்பட்ட இலைகளில் ஆலிவ் பச்சை முதல் பழுப்பு நிற புள்ளிகள் இருக்கும். பல இலைப்புள்ளிகள் கொண்ட இலைகள் மஞ்சள் நிறமாகி, ஆரம்பத்தில் உதிர்ந்துவிடும். பல வருடங்கள் தொடர்ச்சியாக ஏற்படும் போது இலை இழப்பு மரத்தை வலுவிழக்கச் செய்கிறது. நோய் எதிர்ப்புத் திறன் கொண்ட இரகங்களை நடவு செய்வது சிரங்குகளைக் கட்டுப்படுத்த சிறந்த வழியாகும்.","முடிந்தால் எதிர்ப்புத் திறன் கொண்ட இரகங்களைத் தேர்ந்தெடுக்கவும். அடுத்த வசந்த காலத்தில் நோய் சுழற்சியை மீண்டும் தொடங்குவதற்கு கிடைக்கக்கூடிய பூஞ்சை வித்திகளின் எண்ணிக்கையை குறைக்க மரங்களின் கீழ் ரேக் செய்து பாதிக்கப்பட்ட இலைகளை அழிக்கவும். நோய்த்தொற்று ஏற்படுவதற்கு முன்பு இலைகள் காய்வதற்கு நேரம் கொடுக்க மாலை அல்லது அதிகாலை நேரங்களில் (மேல்நிலை நீர்ப்பாசனத்தைத் தவிர்க்கவும்) நீர் பாய்ச்சவும்.3-லிருந்து 6-அங்குல உரத்தை மரங்களின் கீழ் பரப்பி, அதை தண்டிலிருந்து விலக்கி, மண்ணை மூடி, பூஞ்சை வித்திகள் சிதறாமல் தடுக்கவும். சிறந்த கட்டுப்பாட்டிற்கு, அறிகுறிகள் பொதுவாக தோன்றும் இரண்டு வாரங்களுக்கு முன்னதாக, திரவ செப்பு சோப்பை தெளிக்கவும். மாற்றாக, நோய் முதலில் தோன்றும்போது பயன்பாடுகளைத் தொடங்கவும், மேலும் 7 முதல் 10 நாள் இடைவெளியில் மலரும் வரை மீண்டும் செய்யவும்.",https://extension.umn.edu/sites/extension.umn.edu/files/apple-scab-1.jpg
1,ஆப்பிள் : கருப்பு அழுகல், "இலைகள் விரியும் போது இலை அறிகுறிகள் முதலில் வசந்த காலத்தில் தோன்றும். அவை இலைகளின் மேல் மேற்பரப்பில் சிறிய, ஊதா நிற புள்ளிகளாகத் தோன்றும், அவை 1/8 முதல் 1/4 அங்குலம் (3-6 மிமீ) விட்டம் கொண்ட வட்டவடிவப் புண்களாக பெரிதாகின்றன. புண்களின் விளிம்பு ஊதா நிறமாக இருக்கும், அதே நேரத்தில் மையம் பழுப்பு நிறமாக மாறும். சில வாரங்களில், இந்த இலைப் புள்ளிகளின் இரண்டாம் நிலை விரிவாக்கம் ஏற்படுகிறது. பெரிதும் பாதிக்கப்பட்ட இலைகள் குளோரோடிக் ஆக மாறி இலை உதிர்தல் ஏற்படுகிறது. அழுகிய பகுதி பெரிதாகும்போது, ​​ஒரே மாதிரியான அகலத்தின் செறிவான பட்டைகள் வரிசையாக உருவாகின்றன, அவை கருப்பு நிறத்தில் இருந்து பழுப்பு நிறத்தில் மாறி மாறி நிறத்தில் இருக்கும். அழுகிய பகுதியின் சதை உறுதியாகவும் தோலாகவும் இருக்கும். பாதிக்கப்பட்ட பழத்தின் மேற்பரப்பில் கறுப்பு பைக்னிடியா அடிக்கடி காணப்படும்.","குறைந்தபட்சம் 15 அங்குலத்திற்கு கீழே கத்தரித்து புற்றுகளை அகற்றி எரிக்கவும் அல்லது புதைக்கவும். புதிய சீசன் கத்தரித்தல் மூலம் தடுப்புக் கவனிப்பு எடுத்து அவற்றை எரிக்கவும். நீங்கள் செயலற்ற பருவத்தில் கத்தரித்து விடுவது நல்லது. இது தீக்காய்ச்சல் உங்கள் மரத்தைத் தாக்கும் மற்றும் இறந்த திசுக்களை எளிதாகப் போட்ரியோஸ்பேரியாவால் பாதிக்கக்கூடிய சாத்தியக்கூறுகளைக் குறைக்கும். ஆலங்கட்டி மழையால் பட்டை சேதமடைந்தாலோ அல்லது காற்றின் போது கிளைகள் முறிந்தாலோ நீங்கள் முன்னெச்சரிக்கை நடவடிக்கைகளை எடுக்க வேண்டும். தாமிரத்தை அடிப்படையாகக் கொண்ட பூஞ்சைக் கொல்லியைப் பயன்படுத்துவது கருப்பு அழுகல் மற்றும் தீ ப்ளைட் ஆகிய இரண்டிலிருந்தும் பாதுகாக்கும்.",http://www.omafra.gov.on.ca/english/crops/facts/blackrotf1.jpg
2,ஆப்பிள் : சிடார் துரு,"சிடார் ஆப்பிள் துரு (ஜிம்னோஸ்போரங்கியம் ஜூனிபெரி-விர்ஜினியானே) என்பது ஒரு பூஞ்சை நோயாகும், இது ஜூனிபர் தாவரங்கள் அதன் சிக்கலான இரண்டு வருட வாழ்க்கை சுழற்சியை முடிக்க வேண்டும். வித்திகள் பல்வேறு ஜூனிபர் இனங்களின் இளம் கிளைகளில் சிவப்பு-பழுப்பு நிற பித்தப்பை போல் குளிர்காலத்தில் இருக்கும். வசந்த காலத்தின் துவக்கத்தில், ஈரமான காலநிலையில், இந்த பித்தப்பைகள் வீங்கி, பிரகாசமான ஆரஞ்சு நிறத்தில் இருக்கும் வித்திகள் காற்றினால் வீசப்படுகின்றன, அங்கு அவை பாதிக்கப்படக்கூடிய ஆப்பிள் மற்றும் நண்டு-ஆப்பிள் மரங்களில் உருவாகும் வித்திகள் அடுத்த ஆண்டு ஜூனிப்பர்களை மட்டுமே பாதிக்கும் ஆப்பிள் மரங்களுக்கு இடையில் பரவ முடியாது.","கிடைக்கும் போது எதிர்ப்புத் திறன் கொண்ட பயிர்களைத் தேர்ந்தெடுக்கவும். மரத்தின் அடியில் இருந்து உதிர்ந்த இலைகள் மற்றும் பிற குப்பைகளை எடுத்து அப்புறப்படுத்தவும். பாதிக்கப்பட்ட ஜூனிபர்களில் இருந்து பித்தப்பைகளை அகற்றவும். சில சந்தர்ப்பங்களில், ஜூனிபர் செடிகளை முழுவதுமாக அகற்ற வேண்டும். ஜூனிபர் புரவலன் வெளியிடும் வித்திகளிலிருந்து மரங்களைப் பாதுகாக்க, மொட்டு முறிவில் தொடங்கி, வாரந்தோறும் ஆப்பிள்களில் பயன்படுத்துவதற்காக, தடுப்பு, நோயை எதிர்க்கும் பூஞ்சைக் கொல்லிகளைப் பயன்படுத்துங்கள். இது வருடத்திற்கு ஒரு முறை மட்டுமே நிகழ்கிறது, எனவே இந்த வசந்த கால பரவலுக்குப் பிறகு கூடுதல் பயன்பாடுகள் தேவையில்லை. ஜூனிபரில், ஆகஸ்ட் பிற்பகுதியிலிருந்து அக்டோபர் இறுதி வரை குறைந்தது நான்கு முறையாவது செப்புக் கரைசலுடன் (0.5 முதல் 2.0 அவுன்ஸ்/ கேலன் தண்ணீர்) செடிகளைத் தெளிப்பதன் மூலம் துருவைக் கட்டுப்படுத்தலாம். SERENADE கார்டன் மூலம் பெரும்பாலான பூஞ்சை மற்றும் பாக்டீரியா நோய்களுக்கு பாதுகாப்பாக சிகிச்சை அளிக்கவும். இந்த பரந்த நிறமாலை உயிர் பூஞ்சைக் கொல்லியானது, கரிம பயன்பாட்டிற்காக பதிவுசெய்யப்பட்ட பேசிலஸ் சப்டிலிஸின் காப்புரிமை பெற்ற விகாரத்தைப் பயன்படுத்துகிறது. எல்லாவற்றிற்கும் மேலாக, SERENADE தேனீக்கள் மற்றும் நன்மை பயக்கும் பூச்சிகளுக்கு முற்றிலும் நச்சுத்தன்மையற்றது.",https://www.planetnatural.com/wp-content/uploads/2012/12/apple-rust.jpg
3,ஆப்பிள் : ஆரோக்கியமானது, "பெரும்பாலான பழங்களைப் போலவே, முழு வெயிலில் வளரும் போது ஆப்பிள்கள் சிறப்பாக விளைகின்றன, அதாவது தினசரி ஆறு அல்லது அதற்கு மேற்பட்ட மணிநேர நேரடி கோடை சூரியன். ஆப்பிள்களுக்கான சிறந்த வெளிப்பாடு வீட்டின் வடக்குப் பகுதி, மரக் கோடு அல்லது உயரம் ஆகும். தெற்கே விட. ஆப்பிள் மரங்களுக்கு நன்கு வடிகட்டிய மண் தேவை, ஆனால் சிறிது ஈரப்பதத்தை தக்க வைத்துக் கொள்ள வேண்டும்.","ஆப்பிள்கள் சத்தானவை.""  ஆப்பிள்கள் எடை இழப்புக்கு நல்லது. ஆப்பிள்கள் உங்கள் இதயத்திற்கு நல்லது. அவை நீரிழிவு நோயின் குறைந்த அபாயத்துடன் இணைக்கப்பட்டுள்ளன. அவை ப்ரீபயாடிக் விளைவுகளைக் கொண்டிருக்கலாம் மற்றும் நல்ல குடல் பாக்டீரியாவை ஊக்குவிக்கும். ஆப்பிளில் உள்ள பொருட்கள் புற்றுநோயைத் தடுக்க உதவும்.",https://previews.123rf.com/images/msnobody/msnobody1508/msnobody150800002/43698436-red-apple-on-a-branch-of-an-apple-tree-on-a-sunny-day-organic-farmingagriculture-fresh-healthy-natur.jpg
4,இலைகள் இல்லாத பின்னணி, கொடுக்கப்பட்டுள்ள படத்தில் இலை இல்லை, இலையுடன் படத்தை மீண்டும் பதிவேற்றவும்,https://cdn.onlinewebfonts.com/svg/img_332817.png
5,புளுபெர்ரி : ஆரோக்கியமானது,"புளுபெர்ரிகளில் கலோரிகள் குறைவு ஆனால் ஊட்டச்சத்துக்கள் அதிகம். ஆக்ஸிஜனேற்ற எதிர்ப்பு உணவுகளின் ராஜா ப்ளூபெர்ரி. ப்ளூபெர்ரி டிஎன்ஏ சேதத்தைக் குறைக்கிறது, இது வயதான மற்றும் புற்றுநோயிலிருந்து பாதுகாக்க உதவும். ப்ளூபெர்ரிகள் உங்கள் இரத்தத்தில் உள்ள கொழுப்பை சேதப்படுத்தாமல் பாதுகாக்கின்றன. ப்ளூபெர்ரிகள் இரத்த அழுத்தத்தைக் குறைக்கலாம்.","பீட் பாசி, பைன் ஊசிகள் அல்லது நன்கு வயதான மரத்தூள் போன்ற ஆழமான, குறைந்த pH தழைக்கூளம் தண்ணீரைப் பாதுகாக்கிறது மற்றும் மண்ணின் நீர் ஏற்ற இறக்கங்களைக் குறைக்கிறது. பகலில் ப்ளூபெர்ரி செடிகளுக்கு தண்ணீர் கொடுங்கள். மண்ணை ஈரப்பதமாக வைத்திருங்கள், ஆனால் ஈரமாக இருக்கக்கூடாது. வளரும் பருவத்தில் வாரத்திற்கு குறைந்தது 1"" மற்றும் பழம் பழுக்க வைக்கும் போது வாரத்திற்கு 4"" வரை கொடுங்கள். ப்ளூபெர்ரி ஒரு ஆழமற்ற வேர்களைக் கொண்ட தாவரமாகும். எனவே, இதற்கு ஈரப்பதத்தைத் தக்கவைத்துக்கொள்ளும் மண் தேவைப்படுகிறது, ஆனால் நன்றாக வடிகட்டுகிறது மற்றும் ஈரமாக இருக்காது. ",https://image.shutterstock.com/image-photo/blueberry-leaf-collection-isolated-on-260nw-308491814.jpg
6,Cherry : தூள் பூஞ்சை காளான்,"ஆரம்ப அறிகுறிகள், முதல் நீர்ப்பாசனம் தொடங்கிய 7 முதல் 10 நாட்களுக்குப் பிறகு பெரும்பாலும் ஏற்படும், இளம், எளிதில் பாதிக்கப்படக்கூடிய இலைகளில் (புதிதாக விரிவடையும் மற்றும் வெளிர் பச்சை நிற விரிவடையும் இலைகள்) லேசான தோராயமான வட்ட வடிவ, தூள் போன்ற திட்டுகளாகும். பழைய இலைகள் தூள் பூஞ்சை காளான் நோய்க்கு வயது தொடர்பான (ஆன்டோஜெனிக்) எதிர்ப்பை உருவாக்குகின்றன மற்றும் இயற்கையாகவே இளம் இலைகளை விட தொற்றுக்கு அதிக எதிர்ப்புத் திறன் கொண்டவை. வேர் உறிஞ்சிகள், விதானத்தின் உட்புறம் அல்லது ஈரப்பதம் அதிகமாக இருக்கும் மரத்தின் கவட்டை ஆகியவற்றில் ஆரம்பகால இலை தொற்றுகளைத் தேடுங்கள். மற்ற பூஞ்சைகளைப் போலல்லாமல், தூள் பூஞ்சை காளான்கள் முளைக்க இலவச நீர் தேவையில்லை, ஆனால் முளைப்பு மற்றும் பூஞ்சை வளர்ச்சி அதிக ஈரப்பதத்தால் சாதகமாக இருக்கும். இந்த நோய் இலைகளின் அடிப்பகுதியில் (அபாக்சியல்) தொடங்க வாய்ப்புள்ளது, ஆனால் பிந்தைய நிலைகளில் இருபுறமும் ஏற்படும். பருவம் முன்னேறி, காற்று மூலம் தொற்று பரவும்போது, ​​இலைகள் சிதைந்து, மேல்நோக்கி சுருண்டுவிடும். கடுமையான தொற்றுகள் இலைகளை சுருட்டி சுருட்டிக்கொள்ளச் செய்யலாம். புதிய தளிர்களில் புதிதாக வளர்ந்த இலைகள் படிப்படியாக சிறியதாகி, பெரும்பாலும் வெளிர் நிறமாகி, சிதைந்து போகக்கூடும்.","வெட்டும் விளிம்புகளை கிருமி நீக்கம் செய்து, பின்னர் தாவரத்தின் நோயுற்ற பகுதிகளை உடனடியாக வெட்டி எறியுங்கள். அதே நேரத்தில், பழ மரத்தில் மீதமுள்ள இலைகளைப் பாதுகாக்க பூஞ்சைக் கொல்லிகளைப் பயன்படுத்துங்கள். பருவம் முழுவதும் மரங்களைப் பாதுகாக்க லேபிள் வழிமுறைகளின்படி பூஞ்சைக் கொல்லிகளைப் பயன்படுத்த வேண்டும்.",http://treefruit.wsu.edu/wp-content/uploads/2017/05/Fig1.png
7,Cherry: Healthy,"புளிப்பு மற்றும் இனிப்பு செர்ரிகளுக்கு இடையில் பராமரிப்பில் எந்த வித்தியாசமும் இல்லை. ஈரப்பதத்தைத் தக்கவைக்க தழைக்கூளம் பயன்படுத்துங்கள். பறவைகளிடமிருந்து பழங்களைப் பாதுகாக்க மரங்களின் மீது வலையை மூடவும். வறண்ட பகுதிகளில் வழக்கமாக தண்ணீர் ஊற்றவும். செர்ரி மரங்களுக்கு பழங்களை மெலிதாக்குவது அவசியமில்லை, ஏனெனில் அவை பொதுவாக கோடையின் தொடக்கத்தில் இயற்கையாகவே மெலிதாகிவிடும்.","ஊட்டச்சத்துக்களால் நிரம்பியுள்ளது.ஆக்ஸிஜனேற்றிகள் மற்றும் அழற்சி எதிர்ப்பு சேர்மங்கள் நிறைந்தவை. உடற்பயிற்சி மீட்சியை அதிகரிக்கும். இதய ஆரோக்கியத்திற்கு நன்மை பயக்கும்.மூட்டுவலி மற்றும் கீல்வாதத்தின் அறிகுறிகளை மேம்படுத்தலாம். தூக்கத்தின் தரத்தை மேம்படுத்தலாம்.உங்கள் உணவில் சேர்ப்பது எளிது.",https://previews.123rf.com/images/annafrby/annafrby1907/annafrby190700078/127086189-cherry-on-branch-with-green-leaf-healthy-food-fresh-fruit-two-ripe-berries-of-a-cherry-on-a-branch-l.jpg
8,சோளம்: செர்கோஸ்போரா இலைப்புள்ளி | சாம்பல் இலைப்புள்ளி,"சோளத்தில் சாம்பல் இலைப்புள்ளி, செர்கோஸ்போரா ஜீ-மேடிஸ் என்ற பூஞ்சையால் ஏற்படுகிறது, இது அமெரிக்காவில் ஒரு பொதுவான மற்றும் பொருளாதார ரீதியாக சேதப்படுத்தும் நோயாகும். 1990 களின் நடுப்பகுதியில் இருந்து, இந்த நோய் இந்தியானாவில் முக்கியத்துவம் பெற்றுள்ளது, மேலும் தற்போது மாநிலத்தில் சோளத்தின் மிக முக்கியமான இலைவழி நோய்களில் ஒன்றாகும். சாம்பல் இலைப்புள்ளி நோய் பைரிகுலேரியா க்ரிசியா என்ற பூஞ்சையால் ஏற்படுகிறது, இது மாக்னபோர்தே க்ரிசியா என்றும் அழைக்கப்படுகிறது. புளோரிடாவில் அடிக்கடி காணப்படும் சூடான மழைக்காலங்கள் இந்த பூஞ்சை நோய்க்கு சாதகமான நிலைமைகளை உருவாக்குகின்றன. இந்த பூஞ்சை வளர்ச்சியை மெதுவாக்குகிறது, நிறுவப்பட்ட நிலங்களை மெல்லியதாக்குகிறது மற்றும் செயிண்ட்","ஆழமாக, ஆனால் அரிதாக நீர்ப்பாசனம் செய்யுங்கள். நோய் தீவிரமாக இருக்கும்போது புல்வெளியில் களைக்கொல்லிகளைப் பயன்படுத்துவதைத் தவிர்க்கவும். நடுத்தர முதல் அதிக நைட்ரஜன் உர அளவைத் தவிர்க்கவும். புல்வெளியில் காற்று சுழற்சி மற்றும் ஒளி அளவை மேம்படுத்தவும். சரியான உயரத்தில் வெட்டவும், புல் காய்ந்தவுடன் மட்டும் வெட்டவும்.",https://upload.wikimedia.org/wikipedia/commons/thumb/1/12/Gray_leaf_spot_Cercospora_zeae-maydis_5465607.png/330px-Gray_leaf_spot_Cercospora_zeae-maydis_5465607.png
9, சோளம்: பொதுவான துரு,"வளரும் பருவம் முழுவதும் சோள வயல்களில் ஒரு சில துரு கொப்புளங்கள் எப்போதும் காணப்பட்டாலும், அறிகுறிகள் பொதுவாக குஞ்சம் பூசப்பட்ட பின்னரே தோன்றும். சோள இலைகளின் மேல் மற்றும் கீழ் மேற்பரப்புகளில் சிதறிக்கிடக்கும் அடர், சிவப்பு-பழுப்பு நிற கொப்புளங்கள் (யுரேடினியா) வளர்ச்சியால் இவற்றை எளிதாக அடையாளம் கண்டு மற்ற நோய்களிலிருந்து வேறுபடுத்தி அறியலாம். இந்த கொப்புளங்கள் தாவரத்தின் எந்த தரைப் பகுதியிலும் தோன்றலாம், ஆனால் இலைகளில் அதிகமாக இருக்கும். கொப்புளங்கள் ஓவல் முதல் நீளமான வடிவத்தில் தோன்றும், பொதுவாக சிறியதாக இருக்கும், 1/4 அங்குலத்திற்கும் குறைவான நீளமாக இருக்கும், மேலும் இலை மேல்தோல் அடுக்கால் சூழப்பட்டுள்ளன, அங்கு அது உடைந்துவிட்டது.","சோள துரு ஏற்படுவதைக் குறைக்க பூஞ்சைக்கு எதிர்ப்புத் திறன் கொண்ட சோளத்தை மட்டுமே நடவும். எதிர்ப்பு இனம் சார்ந்த எதிர்ப்பு அல்லது பகுதி துரு எதிர்ப்பு வடிவத்தில் இருக்கும். இரண்டிலும்எந்த இனிப்பு சோளமும் முழுமையாக எதிர்க்காது. சோளம் நோய்த்தொற்றின் அறிகுறிகளைக் காட்டத் தொடங்கினால்உடனடியாக ஒரு " பூஞ்சைக் கொல்லி.",https://ohioline.osu.edu/sites/ohioline/files/imce/Plant_Pathology/PLNTPTH-CER-02_Figure_1.png
10,சோளம்: வடக்கு இலை கருகல்,"வடக்கு சோள இலை கருகல் நோய் (NCLB) செட்டோஸ்பேரியா டர்சிகா என்ற பூஞ்சையால் ஏற்படுகிறது. அறிகுறிகள் பொதுவாக முதலில் கீழ் இலைகளில் தோன்றும். இலை புண்கள் நீளமாக (1 முதல் 6 அங்குலம்) இருக்கும் மற்றும் நீள்வட்ட வடிவத்திலும் முதலில் சாம்பல்-பச்சை நிறத்திலும் இருக்கும் ஆனால் பின்னர் வெளிர் சாம்பல் அல்லது பழுப்பு நிறமாக மாறும். ஈரப்பதமான சூழ்நிலையில் அடர் சாம்பல் நிற வித்திகள் உற்பத்தி செய்யப்படுகின்றன பொதுவாக கீழ் இலை மேற்பரப்பில் இது புண்களுக்கு அழுக்கு சாம்பல் தோற்றத்தை அளிக்கிறது. கடுமையாக கருகல் ஏற்பட்ட தாவரங்களில் முழு இலைகளும் இறக்கக்கூடும் எனவே தனிப்பட்ட புண்கள் தெரியவில்லை. காதுகளின் வெளிப்புற உமியில் புண்கள் ஏற்படலாம் ஆனால் தானியங்கள் பாதிக்கப்படுவதில்லை. பூஞ்சைக்கு எதிர்ப்புத் தெரிவிக்கும் Ht மரபணுவைக் கொண்ட கலப்பினங்களில் புண்கள் சிறியதாகவும் குளோரோடிக் ஆகவும்நேரியல் கோடுகளாகவும் உருவாகலாம். "இந்தப் புண்கள் அரிதாகவே வித்துகளை உருவாக்குகின்றன.","பூஞ்சைக் கொல்லி பயன்பாடுகள் வடக்கு சோள இலை கருகல் சேதத்தையும் பாதுகாக்கப்பட்ட மகசூலையும் குறைத்தன. எளிதில் பாதிக்கப்படக்கூடிய சோள கலப்பினங்களில் விளைச்சலைக் குறைப்பதில் பூஞ்சைக் கொல்லியின் மதிப்பு அதிகமாக இருந்தது. நோய் தொடங்கும் போது பூஞ்சைக் கொல்லி பயன்படுத்தப்பட்டால் அவை மிகவும் பயனுள்ளதாக இருக்கும். நோய் வளர்ச்சி நிலைகளில் மாறுபடும், எனவே பூஞ்சைக் கொல்லிகளைப் பயன்படுத்துவதற்கான சிறந்த நிலை.",https://crop-protection-network.s3.amazonaws.com/articles/NLB-Daren-Mueller-02.jpg
11,சோளம்: ஆரோக்கியமானது,"சோளச் செடிகள் பகல்நேர வெப்பநிலையை 75 முதல் 80 டிகிரி F மற்றும் இரவில் 65 முதல் 70 டிகிரி F வரை விரும்புகின்றன. மண் தொடர்ந்து ஈரப்பதமாக இருக்க வேண்டும், ஆனால் ஈரமாக இருக்கக்கூடாது, மேலும் அவை ஒவ்வொரு 6 மாதங்களுக்கும் உரம் மட்டுமே தேவைப்படும். டிராகேனா குறைந்த ஒளி நிலைகளை தாங்கிக்கொள்ள முடியும் என்றாலும், பிரகாசமான ஆனால் மறைமுக ஒளியில் வைக்கும்போது அவை சிறப்பாகச் செயல்படும். ஒரு செடி சில மஞ்சள் இலைகளை உருவாக்குவது இயற்கையானது, அதைப் பற்றி கவலைப்பட ஒன்றுமில்லை. இருப்பினும், அது ஒரே நேரத்தில் நிறைய மஞ்சள் இலைகளை உற்பத்தி செய்தால், ஐந்து அல்லது ஆறு என்று வைத்துக்கொள்வோம், நீங்கள் அதிகமாக நீர்ப்பாசனம் செய்யலாம் அல்லது செடி ஒளியின் பற்றாக்குறையால் பாதிக்கப்படலாம்.","சோளத்தில் பல ஆரோக்கிய நன்மைகள் உள்ளன. அதிக நார்ச்சத்து இருப்பதால், இது செரிமானத்திற்கு உதவும். இது உங்கள் ஒட்டுமொத்த ஆரோக்கியத்திற்கு முக்கியமான மதிப்புமிக்க பி வைட்டமின்களையும் கொண்டுள்ளது. சோளம் நமது உடலுக்கு துத்தநாகம், மெக்னீசியம், தாமிரம், இரும்பு மற்றும் மாங்கனீசு போன்ற அத்தியாவசிய தாதுக்களையும் வழங்குகிறது.",https://c8.alamy.com/comp/A85TR2/young-healthy-green-leaves-of-corn-maize-plant-in-pretty-unfolding-A85TR2.jpg
12, திராட்சை: கருப்பு அழுகல்,"திராட்சை கருப்பு அழுகல் என்பது குய்னார்டியா பிட்வெல்லி என்ற அஸ்கொமைசெட் பூஞ்சையால் ஏற்படும் ஒரு பூஞ்சை நோயாகும், இது வெப்பமான மற்றும் ஈரப்பதமான காலநிலையில் திராட்சை கொடிகளைத் தாக்குகிறது. "திராட்சை கருப்பு அழுகல் கிழக்கு வட அமெரிக்காவில் தோன்றியது ஆனால் இப்போது ஐரோப்பா தென் அமெரிக்கா மற்றும் ஆசியாவின் சில பகுதிகளில் காணப்படுகிறது. இது சூடான ஈரப்பதமான காலநிலையில் முழுமையான பயிர் இழப்பை ஏற்படுத்தும் ஆனால் வறண்ட கோடைகாலங்களைக் கொண்ட பகுதிகளில் கிட்டத்தட்ட தெரியவில்லை." இந்த பெயர் இலைகளில் வளரும் பழுப்பு நிற திட்டுகளை எல்லையாகக் கொண்ட கருப்பு விளிம்பிலிருந்து வருகிறது. இந்த நோய் தாவரத்தின் மற்ற பகுதிகளையும்"கொடியின் அனைத்து பச்சை பாகங்களையும்: தளிர்கள் இலை மற்றும் பழ தண்டுகள் தண்டுகள் மற்றும் பழங்களை பாதிக்கிறது. மிகவும் சேதப்படுத்தும் விளைவு பழத்திற்கு" மான்கோசெப் BONIDE MANCOZEB FLOWABLE பூஞ்சைக் கொல்லியாகக் கிடைக்கிறது. இதில் 37% மான்கோசெப் உள்ளது மற்றும் கருப்பு அழுகலைக் கட்டுப்படுத்த மிகவும் பயனுள்ளதாக இருக்க வேண்டும். நோவா (மைக்ளோபியூட்டானில்) IMMUNOX பூஞ்சைக் கொல்லியில் கிடைக்கிறது. இது 1.55 % மைக்ளோபுட்டானில் மற்றும் கருப்பு அழுகல் நோயைக் கட்டுப்படுத்தும் திறன் கொண்டதாக இருக்க வேண்டும்.
13, திராட்சை : எஸ்கா | "திராட்சை அம்மை", எஸ்கா கருப்பு அம்மை அல்லது ஸ்பானிஷ் அம்மை என்றும் அழைக்கப்படுகிறது இது திராட்சை விவசாயிகளை அதன் ரகசிய அறிகுறிகளால் நீண்ட காலமாக பாதித்து வருகிறது மேலும் நீண்ட காலமாக அடையாளம் காணக்கூடிய காரண உயிரினம்(கள்) இல்லாததால். "அம்மை" என்ற பெயர் பழத்தில் காணப்படும் மேலோட்டமான புள்ளிகளைக் குறிக்கிறது (படம் 1). பருவத்தில் புள்ளிகள் தோல் மேற்பரப்பில் ஒன்றிணைந்து பெர்ரிகளை கருப்பு நிறமாக மாற்றும். பழங்கள் உருவாகும் இடத்திற்கும் அறுவடைக்கு சில நாட்களுக்கு முன்பும் எந்த நேரத்திலும் புள்ளிகள் ஏற்படலாம். பழம் உருவாகும் இடத்தில் பாதிக்கப்பட்ட பெர்ரிகள் முதிர்ச்சியடையாது மற்றும் சுருங்கி உலர்ந்து போகும். புள்ளியிடலுடன் கூடுதலாக பருவத்தின் பிற்பகுதியில் பாதிக்கப்பட்ட பழங்களும் ஒரு கடுமையான சுவையைக் கொண்டிருக்கும். ஆண்டுதோறும் தொற்றுகள் கடுமையாக இருக்கும்போது இலை அறிகுறிகள் "புலி பட்டை" வடிவத்தால் (படம் 2-கீழ் இலை) வகைப்படுத்தப்படுகின்றன. லேசான தொற்றுகள் இலை அறிகுறிகளை உருவாக்கலாம் (படம் 2-மேல் இலை), இது மற்ற நோய்கள் அல்லது ஊட்டச்சத்து குறைபாடுகளுடன் குழப்பமடையக்கூடும். வெள்ளை சாகுபடிகள் குளோரோசிஸைத் தொடர்ந்து நெக்ரோசிஸைக் காண்பிக்கும் அதே நேரத்தில் சிவப்பு சாகுபடிகள் சிவப்பு பகுதிகளால் வகைப்படுத்தப்படுகின்றன அதைத் தொடர்ந்து நெக்ரோசிஸைக் கொண்டிருக்கும். வசந்த காலத்தின் துவக்க அறிகுறிகளில் தண்டு நுனி வாடல் இலை நிறமாற்றம் மற்றும் கடுமையான சந்தர்ப்பங்களில் முழுமையான இலை உதிர்தல் ஆகியவை அடங்கும்.""இன்றுவரை இந்த நோயைக் கட்டுப்படுத்த எந்த பயனுள்ள முறையும் இல்லை. பாதிக்கப்பட்ட பெர்ரி இலைகள் மற்றும் தண்டுகளை அகற்றி அழிக்கவும். காயம் சீலண்ட் (அக்ரிலிக் வண்ணப்பூச்சில் 5% போரிக் அமிலம்) அல்லது அத்தியாவசிய எண்ணெய் அல்லது பொருத்தமான பூஞ்சைக் கொல்லிகளைப் பயன்படுத்தி பூஞ்சை தொற்றைக் குறைக்க ப்ரூன் காயங்களைப் பாதுகாக்கவும்.",https://www.researchgate.net/profile/Laura-Mugnai/publication/43161073/figure/fig1/AS:340404659605512@1458170203496/Symptoms-associated-with-esca-of-grapevine-chlorosis-and-necrosis-on-the-leaves-showing_Q320.jpg
14, திராட்சை : இலை கருகல் | இசாரியோப்சிஸ் இலைப்புள்ளி,"பூஞ்சை கொடியின் அனைத்து பச்சை பகுதிகளையும் தாக்கக்கூடிய ஒரு கட்டாய நோய்க்கிருமியாகும். இந்த நோயின் அறிகுறிகள் பெரும்பாலும் தூள் பூஞ்சை காளான் அறிகுறிகளுடன் குழப்பமடைகின்றன. பாதிக்கப்பட்ட இலைகளில் வெளிர் மஞ்சள்-பச்சை நிறப் புண்கள் உருவாகி, படிப்படியாக பழுப்பு நிறமாக மாறும். கடுமையாக பாதிக்கப்பட்ட இலைகள் பெரும்பாலும் முன்கூட்டியே உதிர்ந்துவிடும். பாதிக்கப்பட்ட இலைக்காம்புகள், தண்டுகள் மற்றும் தளிர்கள் பெரும்பாலும் சுருண்டு, மேய்ப்பனின் வளைவை உருவாக்கி, இறுதியில் பழுப்பு நிறமாக மாறி இறந்துவிடும்.இளம் பெர்ரிகள் தொற்றுக்கு மிகவும் எளிதில் பாதிக்கப்படுகின்றன, மேலும் அவை பெரும்பாலும் பூஞ்சையின் வெள்ளை பழ அமைப்புகளால் மூடப்பட்டிருக்கும். வெள்ளை சாகுபடியின் பாதிக்கப்பட்ட பழைய பெர்ரிகள் மந்தமான சாம்பல்-பச்சை நிறமாக மாறக்கூடும், அதேசமயம் கருப்பு சாகுபடியின் பெர்ரிகள் இளஞ்சிவப்பு சிவப்பு நிறமாக மாறும்.","இனாகுலம் அளவைக் குறைக்க செயலற்ற தெளிப்புகளைப் பயன்படுத்துங்கள்.அதை வெட்டுங்கள்.அந்த விதானத்தைத் திறக்கவும்.உங்கள் பாதுகாப்புகளை கைவிடாதீர்கள். சீக்கிரம் தேடுங்கள், அடிக்கடி தேடுங்கள். பாதுகாப்பு மற்றும் முறையான பூஞ்சைக் கொல்லிகளைப் பயன்படுத்துங்கள்.பூஞ்சைக் கொல்லி எதிர்ப்பைக் கருத்தில் கொள்ளுங்கள். வானிலையைக் கவனியுங்கள்.",https://www.goodfruit.com/wp-content/uploads/Black-rot-lesions-on-leaves-indicate-potential-for-fruit-infection-1-feat2.jpg
15, திராட்சை : ஆரோக்கியமானது, வேர் மண்டலத்திற்கு மட்டும் தண்ணீர் பாய்ச்சவும். திராட்சை இலைகள் ஈரமாக இருப்பதைத் தவிர்க்கவும் ஏனெனில் இது பல திராட்சை நோய்களை ஊக்குவிக்கும். இலையுதிர்காலத்தில் இளம் கொடிகளுக்கு நீர்ப்பாசனம் செய்வதைக் குறைக்கவும் இதனால் செடி குளிர்காலத்திற்குத் தயாராக அதன் கரும்புகளை கடினப்படுத்த ஊக்குவிக்கும். மணல் அல்லது பிற நன்கு வடிகட்டிய மண்ணில் இல்லாவிட்டால் பழைய கொடிகளுக்கு அரிதாகவே நீர்ப்பாசனம் தேவைப்படுகிறது." ஊட்டச்சத்துக்கள், குறிப்பாக வைட்டமின்கள் சி மற்றும் கே நிறைந்தது. அதிக ஆக்ஸிஜனேற்ற உள்ளடக்கம் நாள்பட்ட நோய்களைத் தடுக்கலாம்.தாவர கலவைகள் சில வகையான புற்றுநோய்களுக்கு எதிராக பாதுகாக்கலாம். பல்வேறு ஈர்க்கக்கூடிய வழிகளில் இதய ஆரோக்கியத்திற்கு நன்மை பயக்கும். இரத்த சர்க்கரை அளவைக் குறைத்து நீரிழிவு நோயிலிருந்து பாதுகாக்கலாம்.",https://images.indianexpress.com/2021/02/grapes-1200.jpg
16, ஆரஞ்சு : ஹாங்லாங்பிங் | "சிட்ரஸ் பசுமையாக்கும் நோய் என்பது ஒரு நோய்க்கிருமியால் ஏற்படும் சிட்ரஸ் நோயாகும். HLB, நரம்புகள் மற்றும் அருகிலுள்ள திசுக்களின் மஞ்சள் நிறமாதல் போன்ற பொதுவான அறிகுறிகளால் வேறுபடுகிறது; அதைத் தொடர்ந்து முழு இலையிலும் பிளவுபட்ட புள்ளிகள் முன்கூட்டியே இலை உதிர்தல் கிளைகள் வாடுதல் ஊட்டி வேர்கள் மற்றும் பக்கவாட்டு வேர்கள் அழுகுதல் மற்றும் வீரியம் குறைதல் இறுதியில் முழு தாவரமும் இறந்துவிடும். பாதிக்கப்பட்ட மரங்கள் வளர்ச்சியைக் குன்றச் செய்து பல பருவகாலமற்ற பூக்களைத் தாங்கி (பெரும்பாலானவை உதிர்ந்துவிடும்) மேலும் சிறிய ஒழுங்கற்ற வடிவிலான பழங்களை உற்பத்தி செய்கின்றன அவை அடிப்பகுதியில் பச்சை நிறத்தில் இருக்கும் மற்றும் மிகவும் கசப்பான சுவை கொண்ட தடிமனான வெளிர் தோலுடன் இருக்கும். பொதுவான அறிகுறிகள் பெரும்பாலும் ஊட்டச்சத்து குறைபாடுகளாக தவறாகக் கருதப்படலாம்; இருப்பினும், ஊட்டச்சத்து குறைபாடுகளுக்கு இடையிலான வேறுபடுத்தும் காரணி சமச்சீர் வடிவமாகும். ஊட்டச்சத்து குறைபாடுகள் இலை நரம்பு விளிம்பில் சமச்சீராக இருக்கும் அதே நேரத்தில் HLB நரம்பு சுற்றி சமச்சீரற்ற மஞ்சள் நிறத்தைக் கொண்டுள்ளது. HLB இன் மிகவும் குறிப்பிடத்தக்க அறிகுறி குறிப்பாக பழுத்த பிறகு பழத்தின் பச்சை நிறமாதல் மற்றும் வளர்ச்சி குன்றியதாகும்" "சிட்ரஸ் பசுமையாக்கும் நோய் பரவுவதைத் தடுப்பதற்கான ஒரே வழி ACP (ஆசிய சிட்ரஸ் சைலிட்) கட்டுப்படுத்துவதாகும். சிட்ரஸ் மரங்கள் மிகவும் பிரபலமானவை மற்றும் பரவலாக நடப்படும் தோட்ட மரம் என்பதால் வீட்டு உரிமையாளர்கள் இந்த முக்கியமான போரில் முன்னணியில் உள்ளனர். எலுமிச்சை மரத்தின் இலைகளின் மேல் மற்றும் கீழ் பகுதிகளில் வேப்ப எண்ணெய் பூச்சிக்கொல்லியை தெளிக்கவும். தொற்றுநோயின் அளவைப் பொறுத்து 10-14 நாட்களுக்குப் பிறகு நீங்கள் மீண்டும் செய்ய வேண்டியிருக்கும். திரவ செப்பு பூஞ்சைக் கொல்லியைக் கொண்டு பூஞ்சை வளர்ச்சியை சிகிச்சையளிப்பதன் மூலம் பின்தொடரவும்.",https://www.universityofcalifornia.edu/sites/default/files/CitrusGreening.jpg
17,Peach : Bacterial Spot,"பாக்டீரியல் ஸ்பாட் என்பது பீச், நெக்டரைன், ஆப்ரிகாட் மற்றும் பிளம்ஸில் சாந்தோமோனாஸ் கேம்பஸ்ட்ரிஸ் பிவி. ப்ரூனியால் ஏற்படும் ஒரு முக்கியமான நோயாகும். இந்த நோயின் அறிகுறிகளில் பழப் புள்ளிகள், இலைப் புள்ளிகள் மற்றும் கிளை புற்றுகள் அடங்கும். பழ அறிகுறிகளில் குழி, விரிசல், ஈறுகள் மற்றும் நீரில் நனைந்த திசுக்கள் ஆகியவை அடங்கும், இது பழத்தை பழுப்பு அழுகல், ரைசோபஸ் மற்றும் பிற பூஞ்சை தொற்றுகளுக்கு ஆளாக்கும். கடுமையான இலைப் புள்ளி தொற்றுகள் ஆரம்பகால இலை உதிர்தலை ஏற்படுத்தும். கடுமையான இலை உதிர்தல் பழத்தின் அளவைக் குறைத்து, வெயிலில் எரிந்து, பழங்களில் விரிசல் ஏற்பட வழிவகுக்கும். ஆரம்பகால இலை உதிர்ந்த மரங்களின் வீரியம் மற்றும் குளிர்கால கடினத்தன்மை குறைகிறது.","பாக்டீரியா புள்ளியின் பழ அறிகுறிகள் கிளாடோஸ்போரியம் கார்போஃபிலியம் என்ற பூஞ்சையால் ஏற்படும் பீச் சிரங்குடன் குழப்பமடையக்கூடும், இருப்பினும் சிரங்கு புள்ளிகள் அதிக வட்டமாக இருக்கும், அடர் பழுப்பு/பச்சை நிற, தெளிவற்ற தோற்றத்தைக் கொண்டிருக்கும், மேலும் பழ மேற்பரப்பில் குழி ஏற்படாது, இருப்பினும் தோலில் விரிசல் ஏற்படலாம். சிரங்கு இலை அறிகுறிகளை ஏற்படுத்தாது, ஆனால் கிளைகளில் புள்ளிகளை ஏற்படுத்தும். பாக்டீரியா புள்ளியின் ஆரம்ப பழ புள்ளிகள் மேலோட்டமாக இருக்கலாம் ஆனால் பள்ளங்களாக உருவாகலாம்.",https://www.gardeningknowhow.com/wp-content/uploads/2016/07/bacterial-spot-peach.jpg
18,Peach : Healthy,"பீச் மரங்கள் USDA மண்டலங்கள் 5 முதல் 8 அல்லது 9 வரை வளரும், மேலும் அவை குள்ள அல்லது நிலையான அளவுகளில் கிடைக்கின்றன, இது கொல்லைப்புற பழத்தோட்டங்களுக்கு சிறந்த தேர்வாக அமைகிறது. பெரும்பாலான அலங்கார தாவரங்களைப் போலல்லாமல், பீச் மரங்களுக்கு ஆரோக்கியமாகவும் உற்பத்தித் திறனுடனும் இருக்க வழக்கமான கத்தரித்தல், உரமிடுதல் மற்றும் தெளித்தல் தேவை. உங்கள் மரத்தைச் சுற்றியுள்ள நிலத்தில் தண்ணீர் மற்றும் ஊட்டச்சத்துக்களுக்காகப் போட்டியிடும் புல் மற்றும் களைகள் இல்லாமல் பார்த்து, தாராளமாக தழைக்கூளம் போடுங்கள்.","ஊட்டச்சத்துக்கள் மற்றும் ஆக்ஸிஜனேற்றிகள் நிறைந்தது. செரிமானத்திற்கு உதவக்கூடும். இதய ஆரோக்கியத்தை மேம்படுத்தக்கூடும். உங்கள் சருமத்தைப் பாதுகாக்கக்கூடும். சில வகையான புற்றுநோய்களைத் தடுக்கக்கூடும். ஒவ்வாமை அறிகுறிகளைக் குறைக்கக்கூடும்.பரவலாகக் கிடைக்கிறது மற்றும் உங்கள் உணவில் சேர்க்க எளிதானது.",https://www.tasteofhome.com/wp-content/uploads/2019/06/peaches-shutterstock_297863489-1.jpg
19, மிளகு மணி: பாக்டீரியா புள்ளி,"பழைய இலைகளின் கீழ் மேற்பரப்பில் சிறியதாகவும், பருக்களாகவும், மேல் இலை மேற்பரப்பில் சிறிய நீரில் நனைந்த புள்ளிகளாகவும் தோன்றும் இலை புள்ளிகள் பாக்டீரியா புள்ளியின் அறிகுறியாகும். இது மேரிலாந்தில் ஒரு முக்கியமான மிளகு நோயாகும். இது எப்போதாவது தக்காளியைத் தாக்குகிறது. இறுதியில், புள்ளிகள் சாம்பல் முதல் பழுப்பு நிற மையங்களை இருண்ட எல்லைகளுடன் உருவாக்குகின்றன. சூடான, ஈரப்பதமான வானிலையின் போது புண்கள் பெரிதாகின்றன. இலைகள் பின்னர் மஞ்சள் நிறமாகவும், பின்னர் பழுப்பு நிறமாகவும் மாறி உதிர்ந்துவிடும். தண்டுகளிலும் புண்கள் உருவாகலாம். பழங்கள் சிறிய, உயர்ந்த கரடுமுரடான புள்ளிகளை உருவாக்குகின்றன, அவை உண்ணும் தரத்தை பாதிக்காது. கடுமையாக பாதிக்கப்பட்ட இலைகள் உதிர்ந்து, மிளகுகளில் வெயிலில் தீக்காயம் ஏற்படும். பாக்டீரியா இலைப்புள்ளி மழை பெய்வதன் மூலமும், ஈரமான, பாதிக்கப்பட்ட தாவரங்களுடன் வேலை செய்வதன் மூலமும் பரவுகிறது. இந்த நோய் ஈரமான வானிலையில் தாவரங்களை இலைகளை உதிர்த்துவிடும். வெப்பமான, வறண்ட வானிலை இந்த நோயின் பரவலைக் குறைக்கிறது. இந்த நோய் விதை அல்லது நாற்றுகளில் வரலாம் மற்றும் பயிர் எச்சங்கள் மற்றும் மண்ணில் குளிர்காலத்தை கழிக்கும்.","எதிர்ப்பு வகைகளைத் தேர்ந்தெடுக்கவும் நோயற்ற விதை மற்றும் நாற்றுகளை வாங்கவும். 10% குளோரின் ப்ளீச் கரைசலில் 2 நிமிடங்கள் ஊறவைத்து விதைகளுக்கு சிகிச்சையளிக்கவும் (1 பகுதி ப்ளீச்; 9 பங்கு தண்ணீர்). நடவு செய்வதற்கு முன் விதைகளை நன்கு துவைத்து உலர்த்தவும். வைக்கோல் அல்லது புல் துண்டுகளால் மூடப்பட்ட செய்தித்தாள் போன்ற தடிமனான கரிமப் பொருளைக் கொண்டு தாவரங்களை ஆழமாக தழைக்கூளம் செய்யவும். மேல்நோக்கி நீர்ப்பாசனம் செய்வதைத் தவிர்க்கவும். பருவத்தின் முடிவில் மோசமாக பாதிக்கப்பட்ட தாவர பாகங்கள் மற்றும் அனைத்து குப்பைகளையும் அகற்றி அப்புறப்படுத்தவும். தொற்று பரவுவதை மெதுவாக்க ஒவ்வொரு 10-14 நாட்களுக்கும் நிலையான செம்பு (கரிம பூஞ்சைக் கொல்லி) தெளிக்கவும். தொற்றுகள் கடுமையாக இருந்தால் மிளகாயை வேறு இடத்திற்கு சுழற்றி, நடவு செய்வதற்கு முன் கருப்பு பிளாஸ்டிக் தழைக்கூளம் அல்லது கருப்பு நிலப்பரப்பு துணியால் மண்ணை மூடவும்.",https://extension.umd.edu/sites/default/files/_images/programs/grow_it_eat_it/diseases/BacterialLeafSpot/bacterial_leaf_spot_pepper_plant_l.jpg
20, மிளகு மணி: ஆரோக்கியமான,"பெல் மிளகாயை நன்கு தண்ணீர் ஊற்றி வைக்கவும் ஆனால் மண்ணை ஒருபோதும் ஈரமாக விட வேண்டாம். சுமார் 6 அங்குல ஆழத்தில் மண்ணை ஈரப்படுத்த தண்ணீர் ஊற்றி பின்னர் சிறிது உலர விடவும். "பூக்கள் பூக்கும் இடத்தை சிறிய மிளகுகள் பிடிக்கும் போது ​​மணிகள் முதிர்ச்சியடையும் போத ​​பழுக்க வைக்கும் போது நீர்ப்பாசனம் மிகவும் முக்கியமானது. நிலையான ஈரப்பதம் மிளகாயை உறுதியாகவும் ஆரோக்கியமாகவும் வைத்திருக்க உதவுகிறது.","சிவப்பு, ஆரஞ்சு மற்றும் மஞ்சள் மணி மிளகுகள் சிறந்த ஆரோக்கிய நன்மைகளால் நிறைந்தவை - அவை வைட்டமின்களால் நிரம்பியுள்ளன மற்றும் குறைந்த கலோரிகளைக் கொண்டுள்ளன! அவை வைட்டமின் ஏ, வைட்டமின் சி மற்றும் பொட்டாசியத்தின் சிறந்த மூலமாகும். மணி மிளகுகளில் ஆரோக்கியமான அளவு நார்ச்சத்து, ஃபோலேட் மற்றும் இரும்புச்சத்தும் உள்ளது.",https://www.healthbenefitstimes.com/9/gallery/bell-peppers/Bell-pepper-leaves.jpg
21,உருளைக்கிழங்கு: ஆரம்பகால கருகல் நோய்,"பெரும்பாலான உற்பத்தி பகுதிகளில், ஆரம்பகால கருகல் நோய் ஆண்டுதோறும் ஓரளவிற்கு ஏற்படுகிறது. ஆரம்பகால கருகல் நோயின் தீவிரம் மழை, பனி அல்லது நீர்ப்பாசனம் காரணமாக இலை ஈரப்பதத்தின் அதிர்வெண்; இலைகளின் ஊட்டச்சத்து நிலை; மற்றும் சாகுபடி உணர்திறன் ஆகியவற்றைப் பொறுத்தது. ஆரம்பகால கருகல் நோயின் முதல் அறிகுறிகள் பழைய (கீழ்) இலைகளில் சிறிய, வட்ட அல்லது ஒழுங்கற்ற, அடர்-பழுப்பு முதல் கருப்பு புள்ளிகள் வரை தோன்றும். இந்தப் புள்ளிகள் 3/8 அங்குல விட்டம் வரை பெரிதாகி, படிப்படியாக கோண வடிவமாக மாறக்கூடும். இளம், முழுமையாக விரிவடைந்த இலைகளில் ஆரம்பப் புண்கள் பழுப்பு நிறப் புள்ளிப் புண்களுடன் குழப்பமடையக்கூடும். இந்த முதல் புண்கள் தொற்றுக்குப் பிறகு சுமார் இரண்டு முதல் மூன்று நாட்களுக்குப் பிறகு தோன்றும், மேலும் இந்த புண்களின் மேற்பரப்பில் மேலும் ஸ்போருலேஷன் மூன்று முதல் ஐந்து நாட்களுக்குப் பிறகு ஏற்படும்.", ஆரம்பகால ப்ளைட்டின் சிகிச்சையில் நோயை எதிர்க்கும் உருளைக்கிழங்கு வகைகளை நடவு செய்வதன் மூலம் தடுப்பது அடங்கும்; தாமதமாக முதிர்ச்சியடையும் வகைகளை விட தாமதமாக முதிர்ச்சியடையும் வகைகளை அதிக எதிர்ப்புத் திறன் கொண்டவை. மேல்நிலை நீர்ப்பாசனத்தைத் தவிர்க்கவும் இலைகள் விரைவாக உலர அனுமதிக்க தாவரங்களுக்கு இடையில் போதுமான காற்றோட்டத்தை அனுமதிக்கவும்.,https://www.ag.ndsu.edu/publications/crops/early-blight-in-potato/figure-1-opt.jpeg/@@images/468990cc-77a9-4e29-8779-0eb3e94e0407.jpeg
22, உருளைக்கிழங்கு : லேட் ப்ளைட்,"முதன்மை ஹோஸ்ட் உருளைக்கிழங்கு, ஆனால் பி. இன்ஃபெஸ்டான்ஸ் தக்காளி பெட்டூனியாக்கள் மற்றும் ஹேரி நைட்ஷேட் உள்ளிட்ட பிற சோலனேசியஸ் தாவரங்களையும் பாதிக்கலாம் அவை உருளைக்கிழங்கிலிருந்து இனோகுலத்தின் மூலமாக செயல்படக்கூடும். வயலில் லேட் ப்ளைட்டின் முதல் அறிகுறிகள் சிறிய வெளிர் முதல் அடர் பச்சை நிறத்தில் வட்ட வடிவிலான ஒழுங்கற்ற வடிவிலான நீரில் தோய்ந்த புள்ளிகள். இந்தப் புண்கள் பொதுவாக முதலில் கீழ் இலைகளில் தோன்றும். இலை நுனிகள் அல்லது விளிம்புகளுக்கு அருகில் புண்கள் பெரும்பாலும் உருவாகத் தொடங்குகின்றன அங்கு பனி நீண்ட நேரம் இருக்கும். குளிர்ந்த ஈரப்பதமான வானிலையில் இந்தப் புண்கள் வரைவாக பெரிய அடர் பழுப்பு அல்லது கருப்புப் புண்களாக விரிவடைந்து பெரும்பாலும் எண்ணெய் பசையுடன் தோன்றும். இலைப் புண்கள் அடிக்கடி மஞ்சள் நிற குளோரோடிக் ஒளிவட்டத்தால் சூழப்பட்டுள்ளன". கடுமையான தாமதமான கருகல் நோயை மேற்கு வங்கத்தில் முறையான பூஞ்சைக் கொல்லிகளைப் பயன்படுத்திய ஏழு நாட்களுக்குப் பிறகு 0.25% மான்கோசெப் தடுப்பு தெளிப்புடன் பின்னர் சைமோக்சனில்+மான்கோசெப் அல்லது டைமெத்தோமார்ப்+மான்கோசெப் 0.3% தெளிப்பதன் மூலமும் 0.25% மான்கோசெப் தெளிப்பதன் மூலமும் திறம்பட நிர்வகிக்க முடியும். , https://www.ag.ndsu.edu/publications/crops/late-blight-in-potato/figure-2-opt.jpeg/@@images/dfe1e0b4-08d4-404a-8e66-474de72b1e91.jpeg
23, உருளைக்கிழங்கு: ஆரோக்கியமானது,"பல உருளைக்கிழங்குகள் வளர நிலையான ஈரப்பதம் தேவை, எனவே கிழங்குகள் வளரும்போது தினமும் தவறாமல் தண்ணீர் பாய்ச்ச வேண்டும். நீங்கள் உருளைக்கிழங்கு செடிகளுக்கு தண்ணீர் பாய்ச்சும்போது அது சுமார் 8-10 அங்குல தரை மட்டத்தை அடைய வேண்டும். வெப்பமான அல்லது சூடான பருவங்களில் மண் விரைவாக வறண்டு போவதால், உருளைக்கிழங்கு செடிகளுக்கு ஒரு நாளைக்கு இரண்டு முறை அதிக அளவில் தண்ணீர் பாய்ச்ச வேண்டும்.","ஊட்டச்சத்துக்களால் நிரம்பியுள்ளது. Pinterest இல் பகிரவும். ஆக்ஸிஜனேற்றிகள் உள்ளன. உருளைக்கிழங்கில் ஃபிளாவனாய்டுகள், கரோட்டினாய்டுகள் மற்றும் பீனாலிக் அமிலங்கள் போன்ற சேர்மங்கள் நிறைந்துள்ளன (4). இரத்த சர்க்கரை கட்டுப்பாட்டை மேம்படுத்தலாம். செரிமான ஆரோக்கியத்தை மேம்படுத்தலாம். இயற்கையாகவே பசையம் இல்லாதது. நம்பமுடியாத அளவிற்கு நிறைவானது. மிகவும் பல்துறை.",https://www.garden.eco/wp-content/uploads/2018/06/can-you-eat-potato-leaves.jpg
24, ராஸ்பெர்ரி: ஆரோக்கியமானது,"வசந்த காலம் முதல் அறுவடைக்குப் பிறகு வாரத்திற்கு ஒரு அங்குலம் தண்ணீர் பாய்ச்ச வேண்டும். அடிக்கடி ஆழமாக ஊறவைப்பதை விட வழக்கமான நீர்ப்பாசனம் சிறந்தது. உங்கள் ராஸ்பெர்ரி புதர்களை ஏதேனும் ஒன்றை தோண்டி நேர்த்தியாக வைத்திருங்கள். வரிசைகளில் இருந்து நன்கு விலகி வளரும் சக்கர்ஸ் அல்லது கரும்புகள்; நீங்கள் அவற்றை தோண்டி எடுக்கவில்லை என்றால், அவை ஊட்டச்சத்துக்களை இழுத்துவிடும்மேலும் அடுத்த ஆண்டு உங்களுக்கு குறைவான பெர்ரிகள் கிடைக்கும்." ,"அவை பொட்டாசியத்தை வழங்குகின்றன இதய செயல்பாட்டிற்கு அவசியமானவை மற்றும் இரத்த அழுத்தத்தைக் குறைப்பதாக நிரூபிக்கப்பட்டுள்ளது. ராஸ்பெர்ரிகளில் உள்ள ஒமேகா-3 கொழுப்பு அமிலங்கள் பக்கவாதம் மற்றும் இதய நோய்களைத் தடுக்க உதவும். அவற்றில் மாங்கனீசு என்ற கனிமமும் உள்ளது இது ஆரோக்கியமான எலும்புகள் மற்றும் சருமத்திற்கு அவசியமானது மற்றும் இரத்த சர்க்கரையை சீராக்க உதவுகிறது.",https://www.gardeningknowhow.com/wp-content/uploads/2009/04/raspberry.jpg
25, சோயாபீன்: ஆரோக்கியமானது, சோயாபீன்ஸ் மண்ணில் ஊடுருவிச் செல்லும் வரை நடவுப் படுகைகளை சமமாக ஈரப்பதமாக வைத்திருங்கள். பூக்கும் மற்றும் காய்கள் உருவாகும் போது தொடர்ந்து தண்ணீர் பாய்ச்சவும். பூக்கள் மற்றும் காய்கள் உதிர்ந்து போகக்கூடிய மேல்நிலை நீர்ப்பாசனத்தைத் தவிர்க்கவும். மண் ஈரப்பதத்தைப் பாதுகாக்க மண் 60°F (16°C) க்கு மேல் வெப்பமடையும் போது தழைக்கூளம் போடவும்.,"நார்ச்சத்து அதிகம் புரதம் அதிகம் நிறைவுற்ற கொழுப்பு குறைவுகொலஸ்ட்ரால் இல்லாதலாக்டோஸ் இல்லாதஒமேகா-3 கொழுப்பு அமிலங்களின் நல்ல ஆதாரம்ஆக்ஸிஜனேற்ற எதிர்ப்பிகளின் ஆதாரம் பைட்டோ ஈஸ்ட்ரோஜன்கள் அதிகம்.",https://upload.wikimedia.org/wikipedia/commons/a/ac/Soybean_leaves.jpg
26, ஸ்குவாஷ்: தூள் பூஞ்சை காளான்,"வெள்ளை தூள் புள்ளிகள் மேல் மற்றும் கீழ் இலை மேற்பரப்புகளில் உருவாகி, விரைவாக பெரிய கொப்புளங்களாக விரிவடையும். தூள் பூஞ்சை காளான் தாவரத்தை பலவீனப்படுத்துகிறது மற்றும் பழங்கள் முன்கூட்டியே பழுக்க வைக்கும். பாதிக்கப்பட்ட தாவரங்களில் குறைவான மற்றும் சிறிய பழங்கள் வளரும். வெப்பமான, வறண்ட நிலையில், புதிய வித்துகள் உருவாகி நோயை எளிதில் பரப்புகின்றன.மினசோட்டாவில் கோடையின் நடுப்பகுதி முதல் பிற்பகுதி வரை தூள் பூஞ்சை காளான் அறிகுறிகள் முதலில் தோன்றும். சரியான இடைவெளி, தாவரங்களை குத்துதல் மற்றும் களை கட்டுப்பாடு மூலம் தாவரங்களைச் சுற்றி நல்ல காற்று இயக்கத்தை வழங்குதல். முன்னர் தூள் பூஞ்சை காளான் விளைந்த பகுதியில் விளைச்சல் இழப்பு ஏற்பட்டால், பூஞ்சைக் கொல்லி தேவைப்படலாம்.","ஒரு தேக்கரண்டி பேக்கிங் சோடா மற்றும் ஒன்றரை டீஸ்பூன் திரவ சோப்பு அல்லாத சோப்பை ஒரு கேலன் தண்ணீரில் சேர்த்து கலவையை தாவரங்களில் தாராளமாக தெளிக்கவும். வாய் கழுவுதல். உங்கள் வாயில் உள்ள கிருமிகளைக் கொல்ல நீங்கள் தினமும் பயன்படுத்தக்கூடிய மவுத் வாஷ் தூள் பூஞ்சை காளான் கொல்லவும் பயனுள்ளதாக இருக்கும். "ஸ்போர்ஸ்.",https://extension.umn.edu/sites/extension.umn.edu/files/styles/caption_medium/public/powdery-mildew-2.jpg?itok=Un68av52
27, ஸ்ட்ராபெரி: இலை எரிதல்,"இலை எரிதல் அறிகுறிகள் பொதுவான (மைக்கோஸ்பேரெல்லா) இலைப் புள்ளியின் ஆரம்ப கட்டங்களைப் போலவே இருக்கும், ஒழுங்கற்ற அடர் ஊதா நிற புள்ளிகள் இலையின் மேல் மேற்பரப்பில் சிதறடிக்கப்படுகின்றன. புள்ளிகள் பெரிதாகும்போது, ​​அவை தார் துளிகள் போலத் தோன்றத் தொடங்குகின்றன, மேலும் அவை உண்மையில் பூஞ்சையின் கருப்பு பழ உடல்களின் (அசெர்வுலி) குவிப்புகளாகும். புள்ளிகளின் மையங்கள் ஊதா நிறத்தில் இருக்கும் (மைக்கோஸ்பேரெல்லா இலைப் புள்ளியில் அவை வெண்மையானவை) மற்றும் நன்கு வரையறுக்கப்பட்ட புண் எல்லை இல்லை. கடுமையான தொற்றுகளில், இந்த பகுதிகள் ஒன்றிணைந்து, புண்களுக்கு இடையிலான திசுக்கள் பெரும்பாலும் ஊதா நிறத்தில் இருந்து பிரகாசமான சிவப்பு நிறத்தைப் பெறுகின்றன, இது சாகுபடி, வெப்பநிலை அல்லது பிற காரணிகளைப் பொறுத்தது. இலைகள் இறுதியில் பழுப்பு நிறமாக மாறி, உலர்ந்து, விளிம்புகளில் சுருண்டு, இலைக்கு ஒரு கருகிய தோற்றத்தை அளிக்கிறது. நோயின் இந்த மேம்பட்ட கட்டத்தில், அசெர்வுலி மற்றும் கூம்பு வடிவியல் அமைப்பை ஆய்வு செய்வது இலைப்புள்ளி மற்றும் இலை கருகலை வேறுபடுத்தி அறிய உதவும். இலை எரிதல் புண்களின் மேல் இலை மேற்பரப்பில், அசெர்வுலி அடர் நிறத்தில் பளபளப்பான வித்து நிறைகள் மற்றும் அடர் அபோதீசியாவுடன் இருக்கும். இலைக்காம்பு புண்கள் நீளமாகவும், மூழ்கியதாகவும், ஊதா நிறத்தில் இருந்து பழுப்பு நிறமாகவும் இருக்கும், மேலும் இலைக்காம்புகளை சுற்றி வளைப்பதன் மூலம் இலையைக் கொல்லும். ஓடுகள், பழ தண்டுகள், பழங்கள் மற்றும் தொப்பிகளும் பாதிக்கப்படலாம். தாவரங்கள் பலவீனமடையக்கூடும் மற்றும் கிரீடங்களின் எண்ணிக்கை மற்றும் வீரியம் குறையும். தொற்று தாவரங்களை குளிர்காலம் மற்றும் வறட்சி அழுத்தத்திற்கு ஆளாக்குகிறது. கடுமையான தொற்றுகளில், பூக்கள் மற்றும் பழங்கள் இறக்கக்கூடும்.","ஸ்ட்ராபெரி செடிகளில் இலை எரிதல் வெறுப்பூட்டும் என்றாலும், தோட்டத்தில் பரவுவதைத் தடுக்க வீட்டுத் தோட்டக்காரர்கள் பயன்படுத்தக்கூடிய சில உத்திகள் உள்ளன. ஸ்ட்ராபெரி இலை எரிதல் கட்டுப்பாட்டின் முதன்மை வழிமுறைகள் எப்போதும் தடுப்பு ஆகும். இந்த பூஞ்சை நோய்க்கிருமி பாதிக்கப்பட்ட தாவரங்களின் விழுந்த இலைகளில் குளிர்காலத்தை கழிப்பதால், சரியான தோட்ட சுகாதாரம் முக்கியமானது. ஸ்ட்ராபெரி செடியிலிருந்து பாதிக்கப்பட்ட தோட்டக் குப்பைகளை அகற்றுவதும், புதிய ஸ்ட்ராபெரி நாற்றுகளை அடிக்கடி நடவு செய்வதும் இதில் அடங்கும். புதிய நடவுகள் மற்றும் ஸ்ட்ராபெரி செடிகளை உருவாக்குவது, ஸ்ட்ராபெரி செடிகளின் அறுவடையை சீராக பராமரிப்பதற்கு முக்கியமாகும், ஏனெனில் பழைய செடிகள் கடுமையான தொற்றுநோய்க்கான அறிகுறிகளைக் காட்ட அதிக வாய்ப்புள்ளது.",https://content.ces.ncsu.edu/media/images/17531_IMG_2126.JPG
28, ஸ்ட்ராபெரி: ஆரோக்கியமானது,"அவை வெயில் படும் இடத்தைக் கண்டறியவும், ஏனெனில் அவை அதிக வெளிச்சத்தை விரும்புகின்றன, தேவைப்படுகின்றன. அவை காலை சூரியனைப் பெறும் இடத்தை நான் விரும்புகிறேன். நீங்கள் அவற்றை தொட்டிகள் மற்றும்/அல்லது பிற கொள்கலன்களில் வைத்திருந்தால், மாறிவரும் சூரிய ஒளியைப் பயன்படுத்திக் கொள்ள பகலில் அவற்றை நகர்த்துவது நல்லது. அவை தாகம் கொண்ட தாவரங்கள். தினமும் தண்ணீர் கொடுங்கள், குறிப்பாக அவை பழங்களை உற்பத்தி செய்தால். காலையில் இதைச் செய்வதும், நோய் தடுப்புக்காக இலைகளை ஈரமாக்குவதைத் தவிர்ப்பதும் சிறந்தது.தீவிர வானிலை மற்றும் காற்றிலிருந்து அவற்றைப் பாதுகாத்து வைக்கவும். அவை சூரிய ஒளியை விரும்பினாலும், நேரடி மதிய சூரிய ஒளியில் வெளிப்படுவதும் தீங்கு விளைவிக்கும் என்பதை நினைவில் கொள்ளவும்.பானைகளில் நல்ல வடிகால் உள்ளதா எனச் சரிபார்க்கவும்.களைகள் மற்றும் தேவையற்ற தாவரங்களை கட்டுக்குள் வைத்திருங்கள்.ஸ்ட்ராபெர்ரிகளை உற்பத்தி செய்ய அதிக ஆற்றல் தேவைப்படுவதால், நீங்கள் அவற்றை உரமாக்க வேண்டும். சமச்சீர் உரத்தை வாங்கவும் (10-10-10, 12-12-12, முதலியன). அதிகப்படியான உரங்கள் பழ விளைச்சலைக் குறைக்கும், மேலும் அது ரன்னர் உற்பத்தியையும் தூண்டக்கூடும் என்பதால் வழிமுறைகளைப் பின்பற்றவும்.","ஸ்ட்ராபெர்ரியின் இதய வடிவ நிழல் இந்த பழம் உங்களுக்கு நல்லது என்பதற்கான முதல் துப்பு. இந்த சக்திவாய்ந்த சிறிய தொகுப்புகள் உங்கள் இதயத்தைப் பாதுகாக்கின்றன, HDL (நல்ல) கொழுப்பை அதிகரிக்கின்றன, உங்கள் இரத்த அழுத்தத்தைக் குறைக்கின்றன மற்றும் புற்றுநோயிலிருந்து பாதுகாக்கின்றன.வைட்டமின்கள், நார்ச்சத்து மற்றும் பாலிஃபீனால்கள் எனப்படும் அதிக அளவு ஆக்ஸிஜனேற்றிகள் நிறைந்த ஸ்ட்ராபெர்ரிகள், சோடியம் இல்லாத, கொழுப்பு இல்லாத, கொழுப்பு இல்லாத, குறைந்த கலோரி உணவாகும். ஆக்ஸிஜனேற்ற திறன் கொண்ட முதல் 20 பழங்களில் இவை அடங்கும், மேலும் மாங்கனீசு மற்றும் பொட்டாசியத்தின் நல்ல மூலமாகும். ஒரு சேவை - சுமார் எட்டு ஸ்ட்ராபெர்ரிகள் - ஒரு ஆரஞ்சு நிறத்தை விட அதிக வைட்டமின் சி வழங்குகிறது.",https://www.canr.msu.edu/uploads/images/7-12-11-MARK-plhstrw4.jpg
29,தக்காளி: பாக்டீரியா புள்ளி,"தக்காளியின் பாக்டீரியா புள்ளி என்பது ஒரு பேரழிவு தரும் நோயாகும், இது கடுமையான சந்தர்ப்பங்களில், சந்தைப்படுத்த முடியாத பழங்களுக்கும் தாவர மரணத்திற்கும் வழிவகுக்கும். தக்காளி வளர்க்கப்படும் இடங்களில் பாக்டீரியா புள்ளி ஏற்படலாம், ஆனால் இது பெரும்பாலும் சூடான, ஈரமான காலநிலையிலும், பசுமை இல்லங்களிலும் காணப்படுகிறது. விஸ்கான்சினில் இந்த நோய் பெரும்பாலும் ஒரு பிரச்சினையாகும். பாக்டீரியா புள்ளி ஒரு தக்காளி செடியின் இலைகள், தண்டுகள் மற்றும் பழங்கள் உட்பட அனைத்து தரைக்கு மேலே உள்ள பகுதிகளையும் பாதிக்கும். பாக்டீரியா புள்ளிகள் இலைகளில் சிறியதாக (? அங்குலத்திற்கும் குறைவாக), சில நேரங்களில் நீரில் நனைந்த (அதாவது, ஈரமாகத் தோன்றும்) வட்டப் பகுதிகளாகத் தோன்றும். புள்ளிகள் ஆரம்பத்தில் மஞ்சள்-பச்சை நிறத்தில் இருக்கலாம், ஆனால் அவை வயதாகும்போது கருமையாகி பழுப்பு-சிவப்பு நிறமாக இருக்கலாம். நோய் கடுமையாக இருக்கும்போது, ​​விரிவான இலை மஞ்சள் நிறமாகவும், இலை உதிர்தலும் ஏற்படலாம். பச்சை பழங்களில், புள்ளிகள் பொதுவாக சிறியதாகவும், உயர்ந்து, கொப்புளங்கள் போலவும் இருக்கும், மேலும் மஞ்சள் நிற ஒளிவட்டத்தைக் கொண்டிருக்கலாம். பழம் முதிர்ச்சியடையும் போது, ​​புள்ளிகள் பெரிதாகி (அதிகபட்சமாக ½ அங்குலம்) பழுப்பு நிறமாகவும், சொறிந்து, கரடுமுரடாகவும் மாறும். முதிர்ந்த புள்ளிகள் உயர்ந்த விளிம்புகளுடன் உயர்ந்து அல்லது மூழ்கி இருக்கலாம்.","பாதிக்கப்பட்ட விதை அல்லது நாற்றுகளில் பாக்டீரியா புள்ளி நோய்க்கிருமிகள் நுழைவதைத் தடுக்க நோய்க்கிருமி இல்லாத விதை அல்லது நடவுகளை நடவும். சுத்தமான விதை ஆதாரம் கிடைக்கவில்லை அல்லது உங்கள் விதை மாசுபட்டதாக நீங்கள் சந்தேகித்தால், நோய்க்கிருமிகளைக் கொல்ல விதைகளை 122°F வெப்பநிலையில் 25 நிமிடங்கள் ஊற வைக்கவும். இலைகளை உலர வைக்கவும், நோய்க்கிருமிகள் பரவுவதைத் தடுக்கவும், நிறுவப்பட்ட தாவரங்களுக்கு மேல்நிலை நீர்ப்பாசனம் செய்வதைத் தவிர்க்கவும் (எ.கா., ஒரு மந்திரக்கோல் அல்லது தெளிப்பான் மூலம்) மற்றும் அதற்கு பதிலாக ஒரு சொட்டு-நாடா அல்லது ஊறவைக்கும் குழாய் பயன்படுத்தவும். மேலும் பரவுவதைத் தடுக்க, தாவரங்கள் ஈரமாக இருக்கும்போது (எ.கா., பனியிலிருந்து) கையாள வேண்டாம், மேலும் 10% ப்ளீச் கரைசல் அல்லது (மேலும் சிறப்பாக) 70% ஆல்கஹால் (எ.கா., ஆல்கஹால் தேய்த்தல்) மூலம் கருவிகளை வழக்கமாக கிருமி நீக்கம் செய்ய வேண்டாம். பாக்டீரியா புள்ளிகள் மீண்டும் மீண்டும் பிரச்சனையாக இருக்கும் இடங்களில், தக்காளியில் பயன்படுத்த பதிவுசெய்யப்பட்ட செம்பு சார்ந்த தயாரிப்புகளின் தடுப்பு பயன்பாடுகளைப் பயன்படுத்துவதைக் கருத்தில் கொள்ளுங்கள், குறிப்பாக சூடான, மழை காலங்களில். இருப்பினும், அதிகமாகவோ அல்லது நீண்ட காலமாகவோ பயன்படுத்தினால், செம்பு இனி நோயைக் கட்டுப்படுத்தாது என்பதை நினைவில் கொள்ளுங்கள். நீங்கள் தேர்ந்தெடுக்கும் தயாரிப்பின் அனைத்து லேபிள் வழிமுறைகளையும் படித்து பின்பற்றுவதை உறுதிசெய்து கொள்ளுங்கள், இதனால் நீங்கள் அதை மிகவும் பாதுகாப்பான மற்றும் மிகவும் பயனுள்ள முறையில் பயன்படுத்துகிறீர்கள்.",https://www.growingproduce.com/wp-content/uploads/2019/08/bacterial_spot_tomato.jpg
30,தக்காளி: ஆரம்பகால கருகல் நோய்,"தக்காளி வளர்க்கப்படும் ஒவ்வொரு பருவத்திலும் ஏற்படும் மிகவும் பொதுவான தக்காளி நோய்களில் ஒன்று ஆரம்பகால கருகல் நோய். இது இலைகள், பழங்கள் மற்றும் தண்டுகளை பாதிக்கிறது மற்றும் எளிதில் பாதிக்கப்படக்கூடிய சாகுபடிகள் பயன்படுத்தப்படும்போது மற்றும் வானிலை சாதகமாக இருக்கும்போது மகசூலைக் கட்டுப்படுத்தும். கடுமையான இலை உதிர்தல் ஏற்படலாம் மற்றும் பழங்களில் வெயிலில் தீக்காயம் ஏற்படலாம். மினசோட்டாவில் வயல் மற்றும் அதிக சுரங்கப்பாதை தக்காளி உற்பத்தியில் ஆரம்பகால கருகல் நோய் பொதுவானது.","காற்று சுழற்சியை மேம்படுத்தவும் பூஞ்சை பிரச்சனைகளைக் குறைக்கவும் செடிகளை கத்தரிக்கவும் அல்லது குடை செய்யவும். ஒவ்வொரு வெட்டுக்குப் பிறகும் உங்கள் கத்தரிக்காய் கத்தரிகளை கிருமி நீக்கம் செய்ய மறக்காதீர்கள் (ஒரு பகுதி 4 பாகங்கள் தண்ணீரில் ப்ளீச் செய்யவும்).தாவரங்களுக்கு அடியில் உள்ள மண்ணை சுத்தமாகவும் தோட்டக் குப்பைகள் இல்லாமல் வைக்கவும். வித்திகள் தாவரங்களின் மீது மீண்டும் தெறிப்பதைத் தடுக்க கரிம உரத்தின் ஒரு அடுக்கைச் சேர்க்கவும். இலைகளை உலர வைக்க சொட்டு நீர் பாசனம் மற்றும் ஊறவைக்கும் குழல்களைப் பயன்படுத்தலாம். சிறந்த கட்டுப்பாட்டிற்கு, நோய் பொதுவாகத் தோன்றுவதற்கு இரண்டு வாரங்களுக்கு முன்பு அல்லது வானிலை முன்னறிவிப்புகள் நீண்ட கால ஈரமான வானிலையை முன்னறிவிக்கும் போது, ​​செம்பு சார்ந்த பூஞ்சைக் கொல்லிகளை முன்கூட்டியே பயன்படுத்துங்கள். மாற்றாக, நோய் முதலில் தோன்றும் போது சிகிச்சையைத் தொடங்கவும், தேவைப்படும் வரை ஒவ்வொரு 7-10 நாட்களுக்கும் மீண்டும் செய்யவும். தாமிரம் மற்றும் பைரெத்ரின்களைக் கொண்ட போனைட் கார்டன் டஸ்ட் பல பூச்சி தாக்குதல்கள் மற்றும் பூஞ்சை பிரச்சனைகளுக்கு பாதுகாப்பான, ஒரு-படி கட்டுப்பாட்டாகும். சிறந்த முடிவுகளுக்கு, இலைகளின் மேல் மற்றும் கீழ் பகுதிகளை மெல்லிய சீரான படலம் அல்லது தூசியால் மூடவும். இலை அடர்த்தியைப் பொறுத்து, 10 அவுன்ஸ் 625 சதுர அடி பரப்பளவை உள்ளடக்கும். தேவைக்கேற்ப, ஒவ்வொரு 7-10 நாட்களுக்கும் மீண்டும் பயன்படுத்தவும்.",https://extension.umn.edu/sites/extension.umn.edu/files/styles/large/public/early-blight-leaf-tomato.jpg?itok=woYQQlrF
31, தக்காளி: லேட் ப்ளைட்,"லேட் ப்ளைட் என்பது ஓமைசீட் பைட்டோப்தோரா இன்ஃபெஸ்டான்களால் ஏற்படுகிறது. ஓமைசீட்கள் பூஞ்சை போன்ற உயிரினங்கள், அவை நீர் அச்சுகள் என்றும் அழைக்கப்படுகின்றன, ஆனால் அவை உண்மையான பூஞ்சைகள் அல்ல. பி. இன்ஃபெஸ்டான்களின் பல வேறுபட்ட இனங்கள் உள்ளன. இவை குளோனல் லீனைஸ்கள் என்று அழைக்கப்படுகின்றன மற்றும் எண் குறியீட்டால் (அதாவது US-23) குறிப்பிடப்படுகின்றன. பல குளோனல் லீனைஸ்கள் தக்காளி மற்றும் உருளைக்கிழங்கு இரண்டையும் பாதிக்கின்றன, ஆனால் சில லீனைஸ்கள் ஒரு ஹோஸ்ட் அல்லது மற்றொன்றுக்கு குறிப்பிட்டவை. லேட் ப்ளைட் என்பது தக்காளி மற்றும் உருளைக்கிழங்கின் ஒரு சாத்தியமான பேரழிவு நோயாகும், இது தக்காளி செடிகளின் இலைகள், தண்டுகள் மற்றும் பழங்களை பாதிக்கிறது. இந்த நோய் வயல்களில் விரைவாக பரவுகிறது மற்றும் சிகிச்சையளிக்கப்படாவிட்டால் மொத்த பயிர் தோல்வியை ஏற்படுத்தும். 1840களின் பிற்பகுதியில் ஐரிஷ் உருளைக்கிழங்கு பஞ்சத்திற்கு உருளைக்கிழங்கின் லேட் ப்ளைட் காரணமாகும்.","தக்காளி லேட் ப்ளைட்டைக் கட்டுப்படுத்துவதில் சுகாதாரம் முதல் படியாகும். தோட்டப் பகுதியில் இருந்து அனைத்து குப்பைகள் மற்றும் விழுந்த பழங்களையும் சுத்தம் செய்யவும். நீட்டிக்கப்பட்ட உறைபனி சாத்தியமில்லாத வெப்பமான பகுதிகளில் இது மிகவும் அவசியம் மற்றும் லேட் ப்ளைட் தக்காளி நோய் விழுந்த பழங்களில் குளிர்காலத்தை கழிக்கக்கூடும். தற்போது, தக்காளியில் தாமதமாக ஏற்படும் கருகல் நோயை எதிர்க்கும் வகைகள் எதுவும் இல்லை, எனவே வாரத்திற்கு இரண்டு முறையாவது செடிகளை பரிசோதிக்க வேண்டும். ஈரமான சூழ்நிலைகளில் தாமதமாக ஏற்படும் கருகல் நோயின் அறிகுறிகள் அதிகமாக ஏற்பட வாய்ப்புள்ளதால், அந்த நேரங்களில் அதிக கவனம் செலுத்த வேண்டும். வீட்டுத் தோட்டக்காரருக்கு, மானெப், மான்கோசெப், குளோரோதனோலில் அல்லது நிலையான காப்பர் ஆகியவற்றைக் கொண்ட பூஞ்சைக் கொல்லிகள் தாமதமாக ஏற்படும் தக்காளி கருகல் நோயிலிருந்து தாவரங்களைப் பாதுகாக்க உதவும். வளரும் பருவம் முழுவதும் மீண்டும் மீண்டும் பயன்படுத்துவது அவசியம், ஏனெனில் நோய் எந்த நேரத்திலும் தாக்கக்கூடும். கரிம தோட்டக்காரர்களுக்கு, பயன்படுத்த அனுமதிக்கப்பட்ட சில நிலையான செப்பு பொருட்கள் உள்ளன; இல்லையெனில், பாதிக்கப்பட்ட அனைத்து தாவரங்களையும் உடனடியாக அகற்றி அழிக்க வேண்டும்.","https://www.canr.msu.edu/contentAsset/image/e97d1ef0-5b55-49b0-ab4e-c57dcbeca65e/fileAsset/filter/Resize,Jpeg/resize_w/750/jpeg_q/80"
32,தக்காளி: இலை பூஞ்சை,"தக்காளி இலை பூஞ்சை என்பது ஒரு பூஞ்சை நோயாகும், இது இலை ஈரப்பதம் நீண்ட காலமாக இருக்கும்போதும், ஈரப்பதம் அதிகமாக இருக்கும்போதும் (85 சதவீதத்திற்கும் அதிகமாக) உருவாகலாம். இந்த ஈரப்பதம் தேவைப்படுவதால், இந்த நோய் முதன்மையாக ஹூப்ஹவுஸ்கள் மற்றும் பசுமை இல்லங்களில் காணப்படுகிறது. தக்காளி இலை பூஞ்சை வசந்த காலத்தின் துவக்க வெப்பநிலையில் (50.9 டிகிரி பாரன்ஹீட்) அல்லது கோடையின் சிறப்பியல்புகளில் (90 F) உருவாகலாம். உகந்த வெப்பநிலை தக்காளி இலை பூஞ்சை 70 டிகிரி செல்சியஸில் இருக்கும். நோயின் அறிகுறிகளில் மேல் இலை மேற்பரப்பில் மஞ்சள் புள்ளிகள் அடங்கும். பாதிக்கப்பட்ட இலைகளின் அடிப்பகுதியில் ஆலிவ்-பச்சை வித்துகளின் தனித்தனி திரள்களைக் காணலாம்.","தக்காளி செடிகளுக்கு பூஞ்சைக் கொல்லியைக் கொண்டு சிகிச்சையளிக்கும்போது, ​​மண்ணுக்கு மேலே உள்ள தாவரத்தின் அனைத்து பகுதிகளையும், குறிப்பாக இலைகளின் அடிப்பகுதியையும், நோய் பெரும்பாலும் உருவாகும் இடங்களையும் மூடுவதை உறுதிப்படுத்திக் கொள்ளுங்கள். இலை பூஞ்சை பிரச்சினைகளுக்கு சிகிச்சையளிக்க கால்சியம் குளோரைடு அடிப்படையிலான தெளிப்புகள் பரிந்துரைக்கப்படுகின்றன. கரிம பூஞ்சைக் கொல்லி விருப்பங்களும் கிடைக்கின்றன.",https://www.gardeningknowhow.com/wp-content/uploads/2018/04/tomato-leaf-mold-400x300.jpg
33,தக்காளி: செப்டோரியா இலைப்புள்ளி,"செப்டோரியா இலைப்புள்ளி செப்டோரியா லைகோபெர்சிசி என்ற பூஞ்சையால் ஏற்படுகிறது. இது தக்காளி இலைகளின் மிகவும் அழிவுகரமான நோய்களில் ஒன்றாகும், மேலும் ஈரமான, ஈரப்பதமான வானிலை நீண்ட காலத்திற்கு நீடிக்கும் பகுதிகளில் குறிப்பாக கடுமையானது.செப்டோரியா இலைப்புள்ளி பொதுவாக முதல் பழங்கள் உருவான பிறகு கீழ் இலைகளில் தோன்றும். புள்ளிகள் வட்டமானவை, சுமார் 1/16 முதல் 1/4 அங்குல விட்டம் கொண்ட அடர் பழுப்பு நிற விளிம்புகள் மற்றும் பழுப்பு முதல் சாம்பல் நிற மையங்கள் சிறிய கருப்பு பழம்தரும் அமைப்புகளுடன் இருக்கும். சிறப்பியல்பு என்னவென்றால், ஒவ்வொரு இலையிலும் பல புள்ளிகள் இருக்கும். இந்த நோய் முதிர்ந்த இலையிலிருந்து இளம் இலை வரை மேல்நோக்கி பரவுகிறது. இலைகளில் புண்கள் அதிகமாக இருந்தால், இலைகள் சற்று மஞ்சள் நிறமாகவும், பின்னர் பழுப்பு நிறமாகவும், பின்னர் வாடிவிடும். பழ தொற்று அரிதானது.","நோயுற்ற இலைகளை அகற்றவும். தாவரங்களைச் சுற்றி காற்று சுழற்சியை மேம்படுத்தவும். தாவரங்களின் அடிப்பகுதியைச் சுற்றி தழைக்கூளம் போடவும். தழைக்கூளம் போடுவது மண்ணில் தெறிப்பதைக் குறைக்கும், இதில் குப்பைகளுடன் தொடர்புடைய பூஞ்சை வித்திகள் இருக்கலாம். மண் வெப்பமடைந்த பிறகு தழைக்கூளம் போடவும்.மேல்நிலை நீர்ப்பாசனம் பயன்படுத்த வேண்டாம். மேல்நிலை நீர்ப்பாசனம் தொற்றுநோயை எளிதாக்குகிறது மற்றும் நோயைப் பரப்புகிறது. இலைகளை உலர வைக்க தாவரத்தின் அடிப்பகுதியில் ஒரு ஊறவைக்கும் குழாயைப் பயன்படுத்தவும். அதிகாலையில் தண்ணீர் பாய்ச்சவும். களைகளைக் கட்டுப்படுத்தவும். நைட்ஷேட் மற்றும் ஹார்செனெட்டில் ஆகியவை பெரும்பாலும் செப்டோரியா இலைப் புள்ளியின் புரவலன்கள் மற்றும் தோட்டத்தைச் சுற்றி அழிக்கப்பட வேண்டும். பயிர் சுழற்சியைப் பயன்படுத்தவும். அடுத்த ஆண்டு நோயுற்ற தக்காளி வளர்ந்த அதே இடத்தில் தக்காளியை மீண்டும் நட வேண்டாம். இந்தப் பகுதிகளில் தக்காளியை மீண்டும் நடுவதற்கு 1�2 ஆண்டுகள் காத்திருக்கவும். பூஞ்சைக் கொல்லி தெளிப்பான்களைப் பயன்படுத்துங்கள்.",https://www.missouribotanicalgarden.org/portals/0/Gardening/Gardening%20Help/images/Pests/Septoria_Leaf_Spot_of_Tomato187.jpg
34, தக்காளி : சிலந்திப் பூச்சிகள் | இரண்டு புள்ளிகள் கொண்ட சிலந்திப் பூச்சி,"இரண்டு புள்ளிகள் கொண்ட சிலந்திப் பூச்சி என்பது நியூ இங்கிலாந்தில் காய்கறி மற்றும் பழ பயிர்களைத் தாக்கும் மிகவும் பொதுவான பூச்சி இனமாகும். தக்காளி, கத்திரிக்காய், உருளைக்கிழங்கு, முலாம்பழம், வெள்ளரிகள் போன்ற கொடி பயிர்கள் மற்றும் பிற பயிர்களில் சிலந்திப் பூச்சிகள் ஏற்படலாம். இரண்டு புள்ளிகள் கொண்ட சிலந்திப் பூச்சிகள் கத்தரிக்காயின் மிக முக்கியமான பூச்சிகளில் ஒன்றாகும். அவை வருடத்திற்கு 20 தலைமுறைகள் வரை கொண்டிருக்கும் மற்றும் அதிகப்படியான நைட்ரஜன் மற்றும் வறண்ட மற்றும் தூசி நிறைந்த சூழ்நிலைகளால் விரும்பப்படுகின்றன. பூச்சிகளின் எண்ணிக்கையை நிர்வகிக்க உதவும் ஏராளமான இயற்கை எதிரிகளுடன் தலையிடும் பரந்த-ஸ்பெக்ட்ரம் பூச்சிக்கொல்லிகளைப் பயன்படுத்துவதால் பெரும்பாலும் வெடிப்புகள் ஏற்படுகின்றன. பெரும்பாலான பூச்சிகளைப் போலவே, சிக்கலை முன்கூட்டியே பிடிப்பது எளிதான கட்டுப்பாட்டைக் குறிக்கும்.","களை வயல்களைத் தவிர்க்கவும், பயறு வகை தீவனப் பயிர்களுக்கு அருகில் கத்தரிக்காயை நட வேண்டாம். பிற பூச்சிகளுக்கு ஆரம்ப பருவத்தில், பரந்த-ஸ்பெக்ட்ரம் பூச்சிக்கொல்லி பயன்பாடுகளைத் தவிர்க்கவும். அதிக உரமிட வேண்டாம். மேல்நிலை நீர்ப்பாசனம் அல்லது நீண்ட கால மழை குறைக்க உதவும் populations.",https://entomology.ca.uky.edu/files/styles/panopoly_image_original/public/310a.jpg?itok=XNlP0H9H
35,Tomato: Target Spot,"இந்த நோய் பழைய இலைகளில் தொடங்கி மேல்நோக்கி பரவுகிறது. முதல் அறிகுறிகள் மஞ்சள் விளிம்புடன் கூடிய ஒழுங்கற்ற வடிவ புள்ளிகள் (1 மிமீக்கும் குறைவானது). சில புள்ளிகள் 10 மிமீ வரை பெரிதாகி சிறப்பியல்பு வளையங்களைக் காட்டுகின்றன, எனவே ""Target Spot"" என்று பெயர். அனைத்து துண்டுப்பிரசுரங்களுக்கும் மற்ற இலைகளுக்கும் விரைவாக பரவுகிறது, இதனால் இலைகள் மஞ்சள் நிறமாக மாறி, சரிந்து இறந்து போகின்றன. தண்டுகளிலும் புள்ளிகள் ஏற்படுகின்றன. அவை நீளமாகவும் மெல்லியதாகவும் இருக்கும். கருமையான விளிம்புகளுடன் கூடிய சிறிய வெளிர் பழுப்பு நிற புள்ளிகளும் பழங்களில் ஏற்படக்கூடும். வித்திகள் காற்று வீசும் மழையால் பரவுகின்றன, மேலும் காற்றுடன் கூடிய ஈரமான வானிலை சில நாட்கள் தொடர்ந்தால், பரவல் வேகமாக இருக்கும் மற்றும் தாவரங்கள் விரைவாக இலைகளை இழக்கும்.","கலாச்சார கட்டுப்பாடு முக்கியமானது. பின்வருவனவற்றைச் செய்ய வேண்டும்: நோய் உள்ள பழைய பயிர்களுக்கு அடுத்ததாக புதிய பயிர்களை நட வேண்டாம். பப்பாளியிலிருந்து முடிந்தவரை தொலைவில் நடவும், குறிப்பாக இலைகளில் சிறிய கோண புள்ளிகள் இருந்தால் (புகைப்படம் 5).நாற்றங்காலில் உள்ள அனைத்து நாற்றுகளையும் சரிபார்த்து, இலை புள்ளிகள் உள்ளவற்றை தூக்கி எறியுங்கள். தாவரங்களின் அடிப்பகுதியில் சிறந்த காற்றோட்டத்தை அனுமதிக்க தாவரங்களின் கீழ் பகுதியில் இருந்து சில கிளைகளை அகற்றவும். குறிப்பாக கீழ் பழ மரக்கட்டைகள் பறிக்கப்பட்ட பிறகு, நோய் காணப்பட்டவுடன் கீழ் இலைகளை அகற்றி எரிக்கவும். சில பூஞ்சைகளின் புரவலன்களாக இருக்கலாம் என்பதால், களைகள் இல்லாத நிலங்களை வைத்திருங்கள். மேல்நிலை நீர்ப்பாசனத்தைப் பயன்படுத்த வேண்டாம்; இல்லையெனில், அது வித்து உற்பத்தி மற்றும் தொற்றுக்கான நிலைமைகளை உருவாக்கும். அறுவடை முடிந்ததும் முடிந்தவரை பயிரை சேகரித்து எரிக்கவும். அதே நிலத்தில் தக்காளியை மீண்டும் நடுவதற்கு 3 ஆண்டுகள் கழித்து, பயிர் சுழற்சியைப் பயிற்சி செய்யுங்கள்.",https://barmac.com.au/wp-content/uploads/sites/3/2016/01/Target-Spot-Tomato1.jpg
36, தக்காளி: மஞ்சள் இலை சுருட்டை வைரஸ்,"தக்காளி மஞ்சள் இலை சுருட்டை வைரஸ் என்பது பெகோமோவைரஸ் இனத்தைச் சேர்ந்த ஒரு இனமாகும், மேலும் ஜெமினிவிரிடே குடும்பத்தைச் சேர்ந்தது. தக்காளி மஞ்சள் இலை சுருட்டை வைரஸ் (TYLCV) தொற்று தக்காளி செடிகளில் கடுமையான அறிகுறிகளைத் தூண்டுகிறது மற்றும் உலகளவில் கடுமையான மகசூல் இழப்புகளை ஏற்படுத்துகிறது. TYLCV, பெமிசியா டபாசி (ஜெனடியஸ்) என்ற இனிப்பு உருளைக்கிழங்கு வெள்ளை ஈயால் தொடர்ந்து பரவுகிறது. TYLCV க்கு எதிராக எதிர்ப்பை வழங்கும் ஒற்றை அல்லது சில மரபணுக்களைக் கொண்ட சாகுபடிகள் மற்றும் கலப்பினங்கள் பெரும்பாலும் TYLCV- தூண்டப்பட்ட இழப்புகளைக் குறைக்க நடப்படுகின்றன. இந்த எதிர்ப்பு மரபணு வகைகள் (சாகுபடிகள் அல்லது கலப்பினங்கள்) TYLCV க்கு நோய் எதிர்ப்பு சக்தி கொண்டவை அல்ல. அவை பொதுவாக முறையான தொற்றுநோயை உருவாக்குகின்றன, லேசான அறிகுறிகளைக் காட்டுகின்றன, மேலும் TYLCV அழுத்தத்தின் கீழ் எளிதில் பாதிக்கப்படக்கூடிய மரபணு வகைகளை விட அதிக சந்தைப்படுத்தக்கூடிய தக்காளியை உற்பத்தி செய்கின்றன. பல நோய்க்கிருமி அமைப்புகளில், ஒற்றை ஆதிக்க எதிர்ப்பு-வழங்கும் மரபணுவுடன் கூடிய எதிர்ப்பு சாகுபடிகளின் விரிவான பயன்பாடு வைரஸின் மீது தீவிர தேர்வு அழுத்தம், அதிக வீரியம் கொண்ட விகாரங்களின் வளர்ச்சி மற்றும் எதிர்ப்பு முறிவுக்கு வழிவகுத்தது.", வைரஸ் மற்றும் வெள்ளை ஈ இல்லாத தக்காளி மற்றும் மிளகு மாற்று அறுவை சிகிச்சைகளை மட்டும் பயன்படுத்தவும். மாற்று ஈக்களுக்கு வெள்ளை ஈ முதிர்ந்த பூச்சிகளுக்கு கேப்ட்சர் (பைஃபென்த்ரின்) அல்லது வெனோம் (டைனோட்ஃபுரான்) மற்றும் முட்டைகள் மற்றும் நிம்ஃப்களுக்கு ஓபெரான் ஆகியவற்றைக் கொண்டு சிகிச்சையளிக்க வேண்டும். மாற்று வீடுகளில் அனுப்புவதற்கு குறைந்தது ஏழு நாட்களுக்கு முன்பு இமிடாக்ளோபிரிட் அல்லது தியாமெதோக்சம் பயன்படுத்தப்பட வேண்டும். இமிடாக்ளோபிரிட் முழு தாவரத்திலும் இலைகளுக்குக் கீழும் தெளிக்கப்பட வேண்டும்; முட்டைகள் மற்றும் ஈக்கள் பெரும்பாலும் இலைகளுக்குக் கீழே காணப்படுகின்றன. 14-21 நாட்களுக்கு ஒருமுறை தெளிக்கவும்மாதந்தோறும் அபாமெக்டினை சுழற்சி முறையில் தெளிக்கவும் இதனால் வெள்ளை ஈக்கள் ரசாயனங்களுக்கு எதிர்ப்பை உருவாக்காது., https://gd.eppo.int/media/data/taxon/T/TYLCV0/pics/1024x0/10609.jpg
37,தக்காளி: மொசைக் வைரஸ்,"தக்காளி மொசைக் வைரஸ் (ToMV) மற்றும் புகையிலை மொசைக் வைரஸ் (TMV) ஆகியவற்றை வேறுபடுத்துவது கடினம். தக்காளி மொசைக் வைரஸ் (ToMV) தக்காளி செடிகள் மஞ்சள் நிறமாகவும், வளர்ச்சி குன்றியதாகவும் மாறி, நிலைத்தன்மையை இழந்து, மகசூல் குறைவதற்கு வழிவகுக்கும். ToMV பழங்களை சீரற்ற முறையில் பழுக்க வைக்கும், இதனால் விளைச்சல் மேலும் குறையும். புகையிலை மொசைக் வைரஸ் (TMV) ஒரு காலத்தில் தக்காளியில் அதிகமாகக் காணப்படும் என்று கருதப்பட்டது. TMV பொதுவாக தக்காளி நோய்க்கிருமியை விட புகையிலை நோய்க்கிருமியாகும்.இலைகளில் புள்ளிகளுடன் கூடிய வெளிர் மற்றும் அடர் பச்சை நிறத்தில் இருக்கும் இளம் தக்காளி இலை, புள்ளிகளுடன் கூடிய வெளிர் மற்றும் அடர் பச்சை நிறத்தில், வளர்ச்சி குன்றிய, சுருண்ட மற்றும் சிதைந்த இலைகள். தக்காளி நாற்றுகளில் புகையிலை மொசைக் வைரஸ் அறிகுறிகள் தாவரங்கள் இருந்தால் ஆரம்பத்தில் தொற்று ஏற்பட்டால், அவை மஞ்சள் நிறமாகவும், ஒட்டுமொத்தமாக வளர்ச்சி குன்றியதாகவும் தோன்றலாம். இலைகள் சுருண்டு, சிதைந்து, அல்லது அளவு குறைந்து போகலாம்.","சான்றளிக்கப்பட்ட நோயற்ற விதைகளைப் பயன்படுத்தவும் அல்லது உங்கள் சொந்த விதையை பதப்படுத்தவும். 10% டிரைசோடியம் பாஸ்பேட் (Na3PO4) கரைசலில் விதைகளை குறைந்தது 15 நிமிடங்கள் ஊற வைக்கவும். அல்லது உலர்ந்த விதைகளை 158 ºF க்கு சூடாக்கி, அந்த வெப்பநிலையில் இரண்டு முதல் நான்கு நாட்கள் வரை வைத்திருக்கவும்.நடவுகளை நம்பகமான மூலங்களிலிருந்து மட்டுமே வாங்கவும். நோயைத் தடுக்க அவர்கள் பயன்படுத்தும் சுகாதார நடைமுறைகள் பற்றி கேளுங்கள். வாங்குவதற்கு முன் நாற்றுகளை ஆய்வு செய்யுங்கள். தெளிவான அறிகுறிகள் இல்லாத நாற்றுகளை மட்டும் தேர்வு செய்யவும். தக்காளி வேர் குப்பைகள் இருக்கும் வயல்களில் நடவு செய்வதைத் தவிர்க்கவும், ஏனெனில் வைரஸ் வேர்களில் நீண்ட காலம் உயிர்வாழும். தாவரங்களுக்கு இடையில் பரவக்கூடிய சாத்தியக்கூறுகளைக் குறைக்க தாவரங்களைக் கையாளுவதற்கு முன்னும் பின்னும் சோப்பு மற்றும் தண்ணீரில் கைகளைக் கழுவுங்கள்.",http://ucanr.edu/blogs/dirt/blogfiles/71403_original.jpg
38,தக்காளி: ஆரோக்கியமானது,"நடவு செய்யும் நாளிலும் ஒரு வாரத்திற்கு முன்பும் உரமிடுங்கள். அவை குறிப்பாக பாஸ்பரஸை விரும்புகின்றன, இது பூக்கள் உருவாவதை ஊக்குவிக்கிறது மற்றும் அவற்றிலிருந்து வளரும் பழங்கள் அல்லது காய்கறிகளை ஊக்குவிக்கிறது. உங்கள் தக்காளி செடிகளில் பூக்கள் இருக்கும்போது அதிக நைட்ரஜனைத் தவிர்க்கவும், ஏனெனில் இது பழ வளர்ச்சியை விட கொடி வளர்ச்சியை ஊக்குவிக்கிறது. தக்காளி நாற்றுகளை கூட்டமாக வைக்க வேண்டாம். நிறைய வெளிச்சத்தை வழங்குங்கள். தோட்ட மண்ணை முன்கூட்டியே சூடாக்கவும். தண்டுகளை புதைக்கவும். மண் சூடாக்கப்பட்ட பிறகு தக்காளியை தழைக்கூளம் செய்யவும். கீழ் இலைகளை அகற்றவும். அதிக தக்காளிக்கு கிள்ளவும், கத்தரிக்கவும். தொடர்ந்து தண்ணீர் ஊற்றவும்.","தக்காளி (சோலனம் லைகோபெர்சிகம்) தென் அமெரிக்காவை பூர்வீகமாகக் கொண்ட நைட்ஷேட் குடும்பத்தைச் சேர்ந்த ஒரு பழமாகும். தாவரவியல் ரீதியாக ஒரு பழமாக இருந்தாலும், இது பொதுவாக ஒரு காய்கறியைப் போலவே உண்ணப்பட்டு தயாரிக்கப்படுகிறது.தக்காளி ஆக்ஸிஜனேற்ற லைகோபீனின் முக்கிய உணவு மூலமாகும், இது இதய நோய் மற்றும் புற்றுநோய் அபாயத்தைக் குறைப்பது உட்பட பல ஆரோக்கிய நன்மைகளுடன் இணைக்கப்பட்டுள்ளது. அவை வைட்டமின் சி, பொட்டாசியம், ஃபோலேட் மற்றும் வைட்டமின் கே ஆகியவற்றின் சிறந்த மூலமாகும்.",https://cdn8.dissolve.com/p/D869_27_632/D869_27_632_1200.jpg